Workbook

Sheet Sample Size
A1: SAMPLE SIZE CALCULATION for one domain | G1: This template can be used to examine sample sizes for alternativel candidate indicators, both in terms of rates and amounts. Changing the input parameter values as necessary will produce a new sample size (cell E6). The template can also be used for the reverse problem of examining margins of errors for given sample sizes, as in the case of child labour surveys attached as module to a broader labour force survey. The sample size should be specified as input value (cell B17). The template will produce the corresponding margin of error in absolute and relative terms (E11 and E12). Indicators with comparatively low values of r (cell B6) should be used only. Do not use indicators with r values that are higher than 0.4 or lower than 0.1. Do not change the cell contents that are red. | Q1: Template User Instructions: SIMPOC Interactive Tools "Sample size and Margin of error" ILO, Geneva, 5 August 2014
A3: INPUT VALUES | D3: OUTPUT VALUES
A4: Parameter | B4: Value | D4: Estimate | E4: Value
A6: Predicted value of main indicator r | B6: 0.1 | D6: Sample size (number of households) n | E6: =(B17="")*(4*(E7^2)*E8/((E11^2)*E13*E16))+(1-(B17=""))*B17 -> 2379.2593
A7: Standard deviation of underlying variable s | D7: Standard deviation of underlying variable s | E7: =+IF(B7="",SQRT(B6*(1-B6)),B7) -> 0.3
A8: Design effect deff | D8: Design effect deff | E8: =+(B8="")*(1+(B10*E13-1)*B9)+(1-(B8=""))*B8 -> 10.100629
A9: Intraclass correlation rho | B9: =1/3 -> 0.33333333 | D9: Intraclass correlation rho | E9: =+IF(B9="",(E8-1)/(B21*E13-1),B9) -> 0.33333333
A10: Number of households per cluster b | B10: 15 | D10: Standard error of estimate se | E10: =+B11/2 -> 0.015
A11: Margin of error at 95% confidence ME | B11: 0.03 | D11: Margin of error at 95% confidence ME | E11: =IF(B17="",(B11="")*B12*B6+(1-(B11=""))*B11,SQRT(4*(E7^2)*E8/(B17*E13*E16))) -> 0.03
A12: RME | D12: RME | E12: =+E11/B6 -> 0.3
A13: Average no. of persons in base population per HH AveHH | B13: =1/0.53 -> 1.8867925 | D13: AveHH | E13: =+(B13="")*B14*B15+(1-(B13=""))*B13 -> 1.8867925
A14: Average household size AveSize | D14: Confidence limits (at 95% confidence) Lower | E14: =+B6*(1-E12) -> 0.07
A15: Proportion of base population in total population pb | D15: Upper | E15: =+B6*(1+E12) -> 0.13
A16: Response rate RR | B16: 0.9 | D16: RR | E16: =+(B16="")+(1-(B16=""))*B16 -> 0.9
A17: Sample size (number of households) n
A19: ADDITIONAL INPUTS | D19: ADDITIONAL OUTPUTS | G19: Confidence limits (95% confidence): Upper: r * (1 + RME) Lower: r * (1 - RME) Sample size: 4 * s2 * deff n = --------------------------------------------- ME2 * AveHH * RR Variance: s2 = r * (1-r) | L19: Absolute margin of error: ME = r * RME Standard error (se): (r * RME) / 2 Design effect and intraclass correlation: deff = 1+(b/h -1)*rho Average number of persons in base population per household: AveHH = pb * AveSize | Q19: Number of households for one person in base population: h = 1/AveHH Margin of error for given sample size: 4 * s2 * deff ME =sqrt( -----------------------) n * AveHH * RR
A21: Cluster size (Number of households per cluster) b | B21: 16 | D21: Number of clusters | E21: =+E6/B21 -> 148.7037
A22: Average household size AveSize | B22: 5
A23: Base populations in total population | D23: Expected sample households | E23: =+E6*B16 -> 2141.3333
A24: Proportions of: | D24: Expected sample household members | E24: =+E23*B22 -> 10706.667
A25: Households with children 5-17 yrs | B25: 0.9 | D25: Expected sample hslds with children 5-17 yrs | E25: =+E23*B25 -> 1927.2
A26: Chidren 5-17 yrs | B26: 0.15 | D26: Expected sample children 5-17 yrs | E26: =E24*B26 -> 1606
A27: Children 5-11 yrs | B27: =+B26*858915/1585566 -> 0.081256315 | D27: Expected sample children 5-11 yrs | E27: =E24*B27 -> 869.98428
A28: Children 12-14 yrs | B28: =+B26*362146/1585566 -> 0.034260258 | D28: Expected sample children 12-14 yrs | E28: =E24*B28 -> 366.81316
A29: Children 15-17 yrs | B29: =+B26*364495/1585566 -> 0.034482481 | D29: Expected sample children 15-17 yrs | E29: =+E24*B29 -> 369.19243
A40: =+#REF!="" -> #REF!

Sheet Sample Allocation
A1: SAMPLE ALLOCATION among domains or strata | J1: This template is to assist you to examine sample allocations among domains or strata, allowing for different allocation procedures, including equal allocation, proportional allocation, the compromise square-root allocation and general allocation where the allocation parameter and the minimum sample size in each stratum can be specified. More strata or domains can be inserted as needed. Specify the number of domains or strata as part of the input values. Do not change the content of cells that are red and those that are within the intermediary calculations.
A3: INPUT VALUES | E3: OUTPUT VALUES | J3: INTERMEDIARY CALCULATIONS
A4: Total sample size | B4: n = | C4: 11675 | L4: Fixed-point algorithm (Newton's equation)
A5: Number of domains or strata | B5: H = | C5: =+COUNTA(A10:A2500) -> 20 | L5: Iteration 1 | N5: Iteration 2 | P5: Iteration 3
A6: Allocation parameter | B6: α = | C6: 0.5 | L6: k = | M6: =+C4/K9 -> 7.1173716 | N6: k = | O6: =+M6-(M9-$C4)/L9 -> 7.0682005 | P6: k = | Q6: =O6-(O9-$C4)/N9 -> 7.0682005
A7: Strata | B7: Allocation variable | C7: Minmum allocation | E7: Equal allocation | F7: Proportional allocation | G7: Square-root allocation | H7: General allocation
A8: h | B8: Zh | C8: Zo | E8: 0 | F8: 1 | G8: 0.5 | H8: α | J8: √ | K8: Zh^α | L8: f'(k) | M8: f(k) | N8: f'(k) | O8: f(k) | P8: f'(k) | Q8: f(k)
A9: Total | B9: =SUM(B10:B2500) -> 198256 | C9: =SUM(C10:C2500) -> 5000 | E9: =+SUM(E10:E2500) -> 11675 | F9: =+SUM(F10:F2500) -> 11675 | G9: =+SUM(G10:G2500) -> 11675 | H9: =+SUM(H10:H2500) -> 11675 | J9: =+SUM(J10:J22500) -> 1640.3527 | K9: =+SUM(K10:K22500) -> 1640.3527 | L9: =+SUM(L10:L22500) -> 1616.3944 | M9: =+SUM(M10:M22500) -> 11754.48 | N9: =+SUM(N10:N22500) -> 1616.3944 | O9: =+SUM(O10:O22500) -> 11675 | P9: =+SUM(P10:P22500) -> 1616.3944 | Q9: =+SUM(Q10:Q22500) -> 11675
A10: Domain or Stratum 1 | B10: 4708 | C10: 250 | E10: =C$4/C$5 -> 583.75 | F10: =+C$4*B10/B$9 -> 277.24709 | G10: =+C$4*J10/J$9 -> 488.35751 | H10: =+Q10 -> 484.98364 | J10: =+SQRT(B10) -> 68.614867 | K10: =+B10^C$6 -> 68.614867 | L10: =+($K10/2)*(1+SIGN(M$6*$K10-$C10)) -> 68.614867 | M10: =+MAX($C10,M$6*$K10) -> 488.35751 | N10: =+($K10/2)*(1+SIGN(O$6*$K10-$C10)) -> 68.614867 | O10: =+MAX($C10,O$6*$K10) -> 484.98364 | P10: =+($K10/2)*(1+SIGN(Q$6*$K10-$C10)) -> 68.614867 | Q10: =+MAX($C10,Q$6*$K10) -> 484.98364
A11: Domain or Stratum 2 | B11: 72945 | C11: 250 | E11: =MAX(C11,C$4/C$5) -> 583.75 | F11: =+C$4*B11/B$9 -> 4295.6222 | G11: =+C$4*J11/J$9 -> 1922.2834 | H11: =+Q11 -> 1909.0031 | J11: =+SQRT(B11) -> 270.08332 | K11: =+B11^C$6 -> 270.08332 | L11: =+($K11/2)*(1+SIGN(M$6*$K11-$C11)) -> 270.08332 | M11: =+MAX($C11,M$6*$K11) -> 1922.2834 | N11: =+($K11/2)*(1+SIGN(O$6*$K11-$C11)) -> 270.08332 | O11: =+MAX($C11,O$6*$K11) -> 1909.0031 | P11: =+($K11/2)*(1+SIGN(Q$6*$K11-$C11)) -> 270.08332 | Q11: =+MAX($C11,Q$6*$K11) -> 1909.0031
A12: Domain or Stratum 3 | B12: 6880 | C12: 250 | E12: =MAX(C12,C$4/C$5) -> 583.75 | F12: =+C$4*B12/B$9 -> 405.15293 | G12: =+C$4*J12/J$9 -> 590.35584 | H12: =+Q12 -> 586.2773 | J12: =+SQRT(B12) -> 82.945765 | K12: =+B12^C$6 -> 82.945765 | L12: =+($K12/2)*(1+SIGN(M$6*$K12-$C12)) -> 82.945765 | M12: =+MAX($C12,M$6*$K12) -> 590.35584 | N12: =+($K12/2)*(1+SIGN(O$6*$K12-$C12)) -> 82.945765 | O12: =+MAX($C12,O$6*$K12) -> 586.2773 | P12: =+($K12/2)*(1+SIGN(Q$6*$K12-$C12)) -> 82.945765 | Q12: =+MAX($C12,Q$6*$K12) -> 586.2773
A13: Domain or Stratum 4 | B13: 9343 | C13: 250 | E13: =MAX(C13,C$4/C$5) -> 583.75 | F13: =+C$4*B13/B$9 -> 550.19533 | G13: =+C$4*J13/J$9 -> 687.95941 | H13: =+Q13 -> 683.20657 | J13: =+SQRT(B13) -> 96.659195 | K13: =+B13^C$6 -> 96.659195 | L13: =+($K13/2)*(1+SIGN(M$6*$K13-$C13)) -> 96.659195 | M13: =+MAX($C13,M$6*$K13) -> 687.95941 | N13: =+($K13/2)*(1+SIGN(O$6*$K13-$C13)) -> 96.659195 | O13: =+MAX($C13,O$6*$K13) -> 683.20657 | P13: =+($K13/2)*(1+SIGN(Q$6*$K13-$C13)) -> 96.659195 | Q13: =+MAX($C13,Q$6*$K13) -> 683.20657
A14: Domain or Stratum 5 | B14: 17622 | C14: 250 | E14: =MAX(C14,C$4/C$5) -> 583.75 | F14: =+C$4*B14/B$9 -> 1037.7333 | G14: =+C$4*J14/J$9 -> 944.816 | H14: =+Q14 -> 938.28864 | J14: =+SQRT(B14) -> 132.74788 | K14: =+B14^C$6 -> 132.74788 | L14: =+($K14/2)*(1+SIGN(M$6*$K14-$C14)) -> 132.74788 | M14: =+MAX($C14,M$6*$K14) -> 944.816 | N14: =+($K14/2)*(1+SIGN(O$6*$K14-$C14)) -> 132.74788 | O14: =+MAX($C14,O$6*$K14) -> 938.28864 | P14: =+($K14/2)*(1+SIGN(Q$6*$K14-$C14)) -> 132.74788 | Q14: =+MAX($C14,Q$6*$K14) -> 938.28864
A15: Domain or Stratum 6 | B15: 2326 | C15: 250 | E15: =MAX(C15,C$4/C$5) -> 583.75 | F15: =+C$4*B15/B$9 -> 136.97467 | G15: =+C$4*J15/J$9 -> 343.26103 | H15: =+Q15 -> 340.88957 | J15: =+SQRT(B15) -> 48.228622 | K15: =+B15^C$6 -> 48.228622 | L15: =+($K15/2)*(1+SIGN(M$6*$K15-$C15)) -> 48.228622 | M15: =+MAX($C15,M$6*$K15) -> 343.26103 | N15: =+($K15/2)*(1+SIGN(O$6*$K15-$C15)) -> 48.228622 | O15: =+MAX($C15,O$6*$K15) -> 340.88957 | P15: =+($K15/2)*(1+SIGN(Q$6*$K15-$C15)) -> 48.228622 | Q15: =+MAX($C15,Q$6*$K15) -> 340.88957
A16: Domain or Stratum 7 | B16: 4628 | C16: 250 | E16: =MAX(C16,C$4/C$5) -> 583.75 | F16: =+C$4*B16/B$9 -> 272.53601 | G16: =+C$4*J16/J$9 -> 484.19056 | H16: =+Q16 -> 480.84548 | J16: =+SQRT(B16) -> 68.029405 | K16: =+B16^C$6 -> 68.029405 | L16: =+($K16/2)*(1+SIGN(M$6*$K16-$C16)) -> 68.029405 | M16: =+MAX($C16,M$6*$K16) -> 484.19056 | N16: =+($K16/2)*(1+SIGN(O$6*$K16-$C16)) -> 68.029405 | O16: =+MAX($C16,O$6*$K16) -> 480.84548 | P16: =+($K16/2)*(1+SIGN(Q$6*$K16-$C16)) -> 68.029405 | Q16: =+MAX($C16,Q$6*$K16) -> 480.84548
A17: Domain or Stratum 8 | B17: 3152 | C17: 250 | E17: =MAX(C17,C$4/C$5) -> 583.75 | F17: =+C$4*B17/B$9 -> 185.61658 | G17: =+C$4*J17/J$9 -> 399.58828 | H17: =+Q17 -> 396.82769 | J17: =+SQRT(B17) -> 56.142675 | K17: =+B17^C$6 -> 56.142675 | L17: =+($K17/2)*(1+SIGN(M$6*$K17-$C17)) -> 56.142675 | M17: =+MAX($C17,M$6*$K17) -> 399.58828 | N17: =+($K17/2)*(1+SIGN(O$6*$K17-$C17)) -> 56.142675 | O17: =+MAX($C17,O$6*$K17) -> 396.82769 | P17: =+($K17/2)*(1+SIGN(Q$6*$K17-$C17)) -> 56.142675 | Q17: =+MAX($C17,Q$6*$K17) -> 396.82769
A18: Domain or Stratum 9 | B18: 1378 | C18: 250 | E18: =MAX(C18,C$4/C$5) -> 583.75 | F18: =+C$4*B18/B$9 -> 81.148364 | G18: =+C$4*J18/J$9 -> 264.20696 | H18: =+Q18 -> 262.38166 | J18: =+SQRT(B18) -> 37.121422 | K18: =+B18^C$6 -> 37.121422 | L18: =+($K18/2)*(1+SIGN(M$6*$K18-$C18)) -> 37.121422 | M18: =+MAX($C18,M$6*$K18) -> 264.20696 | N18: =+($K18/2)*(1+SIGN(O$6*$K18-$C18)) -> 37.121422 | O18: =+MAX($C18,O$6*$K18) -> 262.38166 | P18: =+($K18/2)*(1+SIGN(Q$6*$K18-$C18)) -> 37.121422 | Q18: =+MAX($C18,Q$6*$K18) -> 262.38166
A19: Domain or Stratum 10 | B19: 3225 | C19: 250 | E19: =MAX(C19,C$4/C$5) -> 583.75 | F19: =+C$4*B19/B$9 -> 189.91544 | G19: =+C$4*J19/J$9 -> 404.18901 | H19: =+Q19 -> 401.39663 | J19: =+SQRT(B19) -> 56.789083 | K19: =+B19^C$6 -> 56.789083 | L19: =+($K19/2)*(1+SIGN(M$6*$K19-$C19)) -> 56.789083 | M19: =+MAX($C19,M$6*$K19) -> 404.18901 | N19: =+($K19/2)*(1+SIGN(O$6*$K19-$C19)) -> 56.789083 | O19: =+MAX($C19,O$6*$K19) -> 401.39663 | P19: =+($K19/2)*(1+SIGN(Q$6*$K19-$C19)) -> 56.789083 | Q19: =+MAX($C19,Q$6*$K19) -> 401.39663
A20: Domain or Stratum 11 | B20: 574 | C20: 250 | E20: =MAX(C20,C$4/C$5) -> 583.75 | F20: =+C$4*B20/B$9 -> 33.802003 | G20: =+C$4*J20/J$9 -> 170.5201 | H20: =+Q20 -> 250 | J20: =+SQRT(B20) -> 23.958297 | K20: =+B20^C$6 -> 23.958297 | L20: =+($K20/2)*(1+SIGN(M$6*$K20-$C20)) -> 0 | M20: =+MAX($C20,M$6*$K20) -> 250 | N20: =+($K20/2)*(1+SIGN(O$6*$K20-$C20)) -> 0 | O20: =+MAX($C20,O$6*$K20) -> 250 | P20: =+($K20/2)*(1+SIGN(Q$6*$K20-$C20)) -> 0 | Q20: =+MAX($C20,Q$6*$K20) -> 250
A21: Domain or Stratum 12 | B21: 3447 | C21: 250 | E21: =MAX(C21,C$4/C$5) -> 583.75 | F21: =+C$4*B21/B$9 -> 202.98869 | G21: =+C$4*J21/J$9 -> 417.86912 | H21: =+Q21 -> 414.98223 | J21: =+SQRT(B21) -> 58.711157 | K21: =+B21^C$6 -> 58.711157 | L21: =+($K21/2)*(1+SIGN(M$6*$K21-$C21)) -> 58.711157 | M21: =+MAX($C21,M$6*$K21) -> 417.86912 | N21: =+($K21/2)*(1+SIGN(O$6*$K21-$C21)) -> 58.711157 | O21: =+MAX($C21,O$6*$K21) -> 414.98223 | P21: =+($K21/2)*(1+SIGN(Q$6*$K21-$C21)) -> 58.711157 | Q21: =+MAX($C21,Q$6*$K21) -> 414.98223
A22: Domain or Stratum 13 | B22: 3523 | C22: 250 | E22: =MAX(C22,C$4/C$5) -> 583.75 | F22: =+C$4*B22/B$9 -> 207.46421 | G22: =+C$4*J22/J$9 -> 422.45063 | H22: =+Q22 -> 419.53209 | J22: =+SQRT(B22) -> 59.354865 | K22: =+B22^C$6 -> 59.354865 | L22: =+($K22/2)*(1+SIGN(M$6*$K22-$C22)) -> 59.354865 | M22: =+MAX($C22,M$6*$K22) -> 422.45063 | N22: =+($K22/2)*(1+SIGN(O$6*$K22-$C22)) -> 59.354865 | O22: =+MAX($C22,O$6*$K22) -> 419.53209 | P22: =+($K22/2)*(1+SIGN(Q$6*$K22-$C22)) -> 59.354865 | Q22: =+MAX($C22,Q$6*$K22) -> 419.53209
... A29: Domain or Stratum 20 | B29: 14529 | C29: 250 | E29: =MAX(C29,C$4/C$5) -> 583.75 | F29: =+C$4*B29/B$9 -> 855.59113 | G29: =+C$4*J29/J$9 -> 857.90165 | H29: =+Q29 -> 851.97475 | J29: =+SQRT(B29) -> 120.5363 | K29: =+B29^C$6 -> 120.5363 | L29: =+($K29/2)*(1+SIGN(M$6*$K29-$C29)) -> 120.5363 | M29: =+MAX($C29,M$6*$K29) -> 857.90165 | N29: =+($K29/2)*(1+SIGN(O$6*$K29-$C29)) -> 120.5363 | O29: =+MAX($C29,O$6*$K29) -> 851.97475 | P29: =+($K29/2)*(1+SIGN(Q$6*$K29-$C29)) -> 120.5363 | Q29: =+MAX($C29,Q$6*$K29) -> 851.97475

Sheet PSU Selection
A1: SAMPLE SELECTION OF PSUs in given stratum or domain by systematic pps sampling | O1: This template is to assist you to select sample PSUs within a given stratum or domain by systematic random sampling with probabilities proportional to size. Two treatments of very large PSUs are incorporated: (1) Very large PSUs are divided into smaller virtual PSUs and (2) Very large PSUs are selected with probability one, self-represented PSUs. The results of treatment (1) are given in columns F to I and those of treatment (2) in columns J to M. More rows can be inserted as there are PSUs in the frame. Specify the sample size allocated for this stratum or domain in terms of number of households as well as the sample take per PSU as part of the input values. Specify also the total number of PSUs in the frame for this stratum or domain. Do not change the content of cells that are red and those that are within the intermediary calculations.
A3: INPUT VALUES | F3: OUTPUT VALUES | J3: OUTPUT VALUES | O3: INTERMEDIARY CALCULATIONS
A4: Total sample size in stratum/domain (number of households) | C4: 156 | D4: New random | F4: Effective sample size in stratum or domain | I4: =+I9 -> 160 | M4: =+M9 -> 160 | O4: Fixed-point algorithm (Newton's equation)
A5: Total number of PSUs in stratum/domain in frame | C5: =+COUNTA(A10:A2500) -> 134 | D5: start | F5: Number of sample PSU to be selected | I5: =+M5 -> 10 | M5: =+ROUND(C4/C6,0) -> 10 | O5: Iteration 1 | Q5: Iteration 2 | S5: Iteration 3
A6: Sample take per PSU (number of households) | C6: 16 | D6: =+RAND() -> 0.2977869 | F6: Selection (1): Virtual division of very large PSUs | J6: Selection (2):Automatic selection of very large PSUs | O6: k = | P6: =+M5/D9 -> 0.00074626866 | Q6: k = | R6: =+P6-(P9-$M5)/O9 -> 0.00083728719 | S6: k = | T6: =R6-(R9-$M5)/Q9 -> 0.00083728719
A7: Stratum or domain | B7: PSU code number | C7: Number of households | D7: Measure of PSU size | F7: Selection proportion | G7: Random value | H7: Sample | I7: Effective sample size | J7: Selection probability | K7: Random value | L7: Sample | M7: Effective sample size
A8: h | B8: i | C8: Ni | D8: xi | F8: pi | G8: =-D6 -> -0.2977869 | H8: si | I8: ni | J8: πi | K8: =-D6 -> -0.2977869 | L8: si | M8: ni | O8: f'(k) | P8: f(k) | Q8: f'(k) | R8: f(k) | S8: f'(k) | T8: f(k)
C9: =SUM(C10:C2500) -> 13400 | D9: =SUM(D10:D2500) -> 13400 | F9: =+SUM(F10:F2500) -> 10 | G9: =+SUM(G10:G2500) -> 718.27715 | H9: =+SUM(H10:H2500) -> 10 | I9: =+SUM(I10:I2500) -> 160 | J9: =+SUM(J10:J2500) -> 10 | K9: =+SUM(K10:K2500) -> 654.63354 | L9: =+SUM(L10:L2500) -> 10 | M9: =+SUM(M10:M2500) -> 160 | O9: =+SUM(O10:O2500)+V11+U9 -> 10749 | P9: =+SUM(P10:P2500) -> 9.0216418 | Q9: =+SUM(Q10:Q2500) -> 10749 | R9: =+SUM(R10:R2500) -> 10 | S9: =+SUM(S10:S2500) -> 10749 | T9: =+SUM(T10:T2500) -> 10
A10: Stratum or domain 1 | B10: PSU 1 | C10: =+D10 -> 31 | D10: 31 | F10: =+I$5*D10/D$9 -> 0.023134328 | G10: =+F10+G8 -> -0.27465257 | H10: =+INT(G10)-INT(G8) -> 0 | I10: =MIN(C10,H10*C$6) -> 0 | J10: =+T10 -> 0.025955903 | K10: =+J10+K8 -> -0.27183099 | L10: =+INT(K10)-INT(K8) -> 0 | M10: =MIN(C10,L10*C$6) -> 0 | O10: =+($D10/2)*(SIGN(1-P$6*$D10)+1) -> 31 | P10: =MIN(1,P$6*$D10) -> 0.023134328 | Q10: =+($D10/2)*(SIGN(1-R$6*$D10)+1) -> 31 | R10: =MIN(1,R$6*$D10) -> 0.025955903 | S10: =+($D10/2)*(SIGN(1-T$6*$D10)+1) -> 31 | T10: =MIN(1,T$6*$D10) -> 0.025955903
A11: Stratum or domain 1 | B11: PSU 2 | C11: =+D11 -> 71 | D11: 71 | F11: =+I$5*D11/D$9 -> 0.052985075 | G11: =+F11+G10 -> -0.22166749 | H11: =+INT(G11)-INT(G10) -> 0 | I11: =MIN(C11,H11*C$6) -> 0 | J11: =+T11 -> 0.05944739 | K11: =+J11+K10 -> -0.2123836 | L11: =+INT(K11)-INT(K10) -> 0 | M11: =MIN(C11,L11*C$6) -> 0 | O11: =+($D11/2)*(SIGN(1-P$6*$D11)+1) -> 71 | P11: =MIN(1,P$6*$D11) -> 0.052985075 | Q11: =+($D11/2)*(SIGN(1-R$6*$D11)+1) -> 71 | R11: =MIN(1,R$6*$D11) -> 0.05944739 | S11: =+($D11/2)*(SIGN(1-T$6*$D11)+1) -> 71 | T11: =MIN(1,T$6*$D11) -> 0.05944739
A12: Stratum or domain 1 | B12: PSU 3 | C12: =+D12 -> 211 | D12: 211 | F12: =+I$5*D12/D$9 -> 0.15746269 | G12: =+F12+G11 -> -0.064204806 | H12: =+INT(G12)-INT(G11) -> 0 | I12: =MIN(C12,H12*C$6) -> 0 | J12: =+T12 -> 0.1766676 | K12: =+J12+K11 -> -0.035716005 | L12: =+INT(K12)-INT(K11) -> 0 | M12: =MIN(C12,L12*C$6) -> 0 | O12: =+($D12/2)*(SIGN(1-P$6*$D12)+1) -> 211 | P12: =MIN(1,P$6*$D12) -> 0.15746269 | Q12: =+($D12/2)*(SIGN(1-R$6*$D12)+1) -> 211 | R12: =MIN(1,R$6*$D12) -> 0.1766676 | S12: =+($D12/2)*(SIGN(1-T$6*$D12)+1) -> 211 | T12: =MIN(1,T$6*$D12) -> 0.1766676
A13: Stratum or domain 1 | B13: PSU 4 | C13: =+D13 -> 23 | D13: 23 | F13: =+I$5*D13/D$9 -> 0.017164179 | G13: =+F13+G12 -> -0.047040627 | H13: =+INT(G13)-INT(G12) -> 0 | I13: =MIN(C13,H13*C$6) -> 0 | J13: =+T13 -> 0.019257605 | K13: =+J13+K12 -> -0.016458399 | L13: =+INT(K13)-INT(K12) -> 0 | M13: =MIN(C13,L13*C$6) -> 0 | O13: =+($D13/2)*(SIGN(1-P$6*$D13)+1) -> 23 | P13: =MIN(1,P$6*$D13) -> 0.017164179 | Q13: =+($D13/2)*(SIGN(1-R$6*$D13)+1) -> 23 | R13: =MIN(1,R$6*$D13) -> 0.019257605 | S13: =+($D13/2)*(SIGN(1-T$6*$D13)+1) -> 23 | T13: =MIN(1,T$6*$D13) -> 0.019257605
A14: Stratum or domain 1 | B14: PSU 5 | C14: =+D14 -> 151 | D14: 151 | F14: =+I$5*D14/D$9 -> 0.11268657 | G14: =+F14+G13 -> 0.065645941 | H14: =+INT(G14)-INT(G13) -> 1 | I14: =MIN(C14,H14*C$6) -> 16 | J14: =+T14 -> 0.12643037 | K14: =+J14+K13 -> 0.10997197 | L14: =+INT(K14)-INT(K13) -> 1 | M14: =MIN(C14,L14*C$6) -> 16 | O14: =+($D14/2)*(SIGN(1-P$6*$D14)+1) -> 151 | P14: =MIN(1,P$6*$D14) -> 0.11268657 | Q14: =+($D14/2)*(SIGN(1-R$6*$D14)+1) -> 151 | R14: =MIN(1,R$6*$D14) -> 0.12643037 | S14: =+($D14/2)*(SIGN(1-T$6*$D14)+1) -> 151 | T14: =MIN(1,T$6*$D14) -> 0.12643037
A15: Stratum or domain 1 | B15: PSU 6 | C15: =+D15 -> 74 | D15: 74 | F15: =+I$5*D15/D$9 -> 0.055223881 | G15: =+F15+G14 -> 0.12086982 | H15: =+INT(G15)-INT(G14) -> 0 | I15: =MIN(C15,H15*C$6) -> 0 | J15: =+T15 -> 0.061959252 | K15: =+J15+K14 -> 0.17193122 | L15: =+INT(K15)-INT(K14) -> 0 | M15: =MIN(C15,L15*C$6) -> 0 | O15: =+($D15/2)*(SIGN(1-P$6*$D15)+1) -> 74 | P15: =MIN(1,P$6*$D15) -> 0.055223881 | Q15: =+($D15/2)*(SIGN(1-R$6*$D15)+1) -> 74 | R15: =MIN(1,R$6*$D15) -> 0.061959252 | S15: =+($D15/2)*(SIGN(1-T$6*$D15)+1) -> 74 | T15: =MIN(1,T$6*$D15) -> 0.061959252
A16: Stratum or domain 1 | B16: PSU 7 | C16: =+D16 -> 2651 | D16: 2651 | F16: =+I$5*D16/D$9 -> 1.9783582 | G16: =+F16+G15 -> 2.099228 | H16: =+INT(G16)-INT(G15) -> 2 | I16: =MIN(C16,H16*C$6) -> 32 | J16: =+T16 -> 1 | K16: =+J16+K15 -> 1.1719312 | L16: =+INT(K16)-INT(K15) -> 1 | M16: =MIN(C16,L16*C$6) -> 16 | O16: =+($D16/2)*(SIGN(1-P$6*$D16)+1) -> 0 | P16: =MIN(1,P$6*$D16) -> 1 | Q16: =+($D16/2)*(SIGN(1-R$6*$D16)+1) -> 0 | R16: =MIN(1,R$6*$D16) -> 1 | S16: =+($D16/2)*(SIGN(1-T$6*$D16)+1) -> 0 | T16: =MIN(1,T$6*$D16) -> 1
A17: Stratum or domain 1 | B17: PSU 8 | C17: =+D17 -> 64 | D17: 64 | F17: =+I$5*D17/D$9 -> 0.047761194 | G17: =+F17+G16 -> 2.1469892 | H17: =+INT(G17)-INT(G16) -> 0 | I17: =MIN(C17,H17*C$6) -> 0 | J17: =+T17 -> 0.05358638 | K17: =+J17+K16 -> 1.2255176 | L17: =+INT(K17)-INT(K16) -> 0 | M17: =MIN(C17,L17*C$6) -> 0 | O17: =+($D17/2)*(SIGN(1-P$6*$D17)+1) -> 64 | P17: =MIN(1,P$6*$D17) -> 0.047761194 | Q17: =+($D17/2)*(SIGN(1-R$6*$D17)+1) -> 64 | R17: =MIN(1,R$6*$D17) -> 0.05358638 | S17: =+($D17/2)*(SIGN(1-T$6*$D17)+1) -> 64 | T17: =MIN(1,T$6*$D17) -> 0.05358638
A18: Stratum or domain 1 | B18: PSU 9 | C18: =+D18 -> 107 | D18: 107 | F18: =+I$5*D18/D$9 -> 0.079850746 | G18: =+F18+G17 -> 2.22684 | H18: =+INT(G18)-INT(G17) -> 0 | I18: =MIN(C18,H18*C$6) -> 0 | J18: =+T18 -> 0.089589729 | K18: =+J18+K17 -> 1.3151073 | L18: =+INT(K18)-INT(K17) -> 0 | M18: =MIN(C18,L18*C$6) -> 0 | O18: =+($D18/2)*(SIGN(1-P$6*$D18)+1) -> 107 | P18: =MIN(1,P$6*$D18) -> 0.079850746 | Q18: =+($D18/2)*(SIGN(1-R$6*$D18)+1) -> 107 | R18: =MIN(1,R$6*$D18) -> 0.089589729 | S18: =+($D18/2)*(SIGN(1-T$6*$D18)+1) -> 107 | T18: =MIN(1,T$6*$D18) -> 0.089589729
A19: Stratum or domain 1 | B19: PSU 10 | C19: =+D19 -> 102 | D19: 102 | F19: =+I$5*D19/D$9 -> 0.076119403 | G19: =+F19+G18 -> 2.3029594 | H19: =+INT(G19)-INT(G18) -> 0 | I19: =MIN(C19,H19*C$6) -> 0 | J19: =+T19 -> 0.085403293 | K19: =+J19+K18 -> 1.4005106 | L19: =+INT(K19)-INT(K18) -> 0 | M19: =MIN(C19,L19*C$6) -> 0 | O19: =+($D19/2)*(SIGN(1-P$6*$D19)+1) -> 102 | P19: =MIN(1,P$6*$D19) -> 0.076119403 | Q19: =+($D19/2)*(SIGN(1-R$6*$D19)+1) -> 102 | R19: =MIN(1,R$6*$D19) -> 0.085403293 | S19: =+($D19/2)*(SIGN(1-T$6*$D19)+1) -> 102 | T19: =MIN(1,T$6*$D19) -> 0.085403293
A20: Stratum or domain 1 | B20: PSU 11 | C20: =+D20 -> 12 | D20: 12 | F20: =+I$5*D20/D$9 -> 0.0089552239 | G20: =+F20+G19 -> 2.3119146 | H20: =+INT(G20)-INT(G19) -> 0 | I20: =MIN(C20,H20*C$6) -> 0 | J20: =+T20 -> 0.010047446 | K20: =+J20+K19 -> 1.4105581 | L20: =+INT(K20)-INT(K19) -> 0 | M20: =MIN(C20,L20*C$6) -> 0 | O20: =+($D20/2)*(SIGN(1-P$6*$D20)+1) -> 12 | P20: =MIN(1,P$6*$D20) -> 0.0089552239 | Q20: =+($D20/2)*(SIGN(1-R$6*$D20)+1) -> 12 | R20: =MIN(1,R$6*$D20) -> 0.010047446 | S20: =+($D20/2)*(SIGN(1-T$6*$D20)+1) -> 12 | T20: =MIN(1,T$6*$D20) -> 0.010047446
A21: Stratum or domain 1 | B21: PSU 12 | C21: =+D21 -> 60 | D21: 60 | F21: =+I$5*D21/D$9 -> 0.044776119 | G21: =+F21+G20 -> 2.3566907 | H21: =+INT(G21)-INT(G20) -> 0 | I21: =MIN(C21,H21*C$6) -> 0 | J21: =+T21 -> 0.050237231 | K21: =+J21+K20 -> 1.4607953 | L21: =+INT(K21)-INT(K20) -> 0 | M21: =MIN(C21,L21*C$6) -> 0 | O21: =+($D21/2)*(SIGN(1-P$6*$D21)+1) -> 60 | P21: =MIN(1,P$6*$D21) -> 0.044776119 | Q21: =+($D21/2)*(SIGN(1-R$6*$D21)+1) -> 60 | R21: =MIN(1,R$6*$D21) -> 0.050237231 | S21: =+($D21/2)*(SIGN(1-T$6*$D21)+1) -> 60 | T21: =MIN(1,T$6*$D21) -> 0.050237231
A22: Stratum or domain 1 | B22: PSU 13 | C22: =+D22 -> 71 | D22: 71 | F22: =+I$5*D22/D$9 -> 0.052985075 | G22: =+F22+G21 -> 2.4096758 | H22: =+INT(G22)-INT(G21) -> 0 | I22: =MIN(C22,H22*C$6) -> 0 | J22: =+T22 -> 0.05944739 | K22: =+J22+K21 -> 1.5202427 | L22: =+INT(K22)-INT(K21) -> 0 | M22: =MIN(C22,L22*C$6) -> 0 | O22: =+($D22/2)*(SIGN(1-P$6*$D22)+1) -> 71 | P22: =MIN(1,P$6*$D22) -> 0.052985075 | Q22: =+($D22/2)*(SIGN(1-R$6*$D22)+1) -> 71 | R22: =MIN(1,R$6*$D22) -> 0.05944739 | S22: =+($D22/2)*(SIGN(1-T$6*$D22)+1) -> 71 | T22: =MIN(1,T$6*$D22) -> 0.05944739
... A143: Stratum or domain 1 | B143: PSU 134 | C143: =+D143 -> 60 | D143: 60 | F143: =+I$5*D143/D$9 -> 0.044776119 | G143: =+F143+G142 -> 9.7022131 | H143: =+INT(G143)-INT(G142) -> 0 | I143: =MIN(C143,H143*C$6) -> 0 | J143: =+T143 -> 0.050237231 | K143: =+J143+K142 -> 9.7022131 | L143: =+INT(K143)-INT(K142) -> 0 | M143: =MIN(C143,L143*C$6) -> 0 | O143: =+($D143/2)*(SIGN(1-P$6*$D143)+1) -> 60 | P143: =MIN(1,P$6*$D143) -> 0.044776119 | Q143: =+($D143/2)*(SIGN(1-R$6*$D143)+1) -> 60 | R143: =MIN(1,R$6*$D143) -> 0.050237231 | S143: =+($D143/2)*(SIGN(1-T$6*$D143)+1) -> 60 | T143: =MIN(1,T$6*$D143) -> 0.050237231

Sheet PSU Listing
A1: SAMPLE PSU LISTING and SAMPLE SELECTION OF HOUSEHOLDS | AN1: lambda | AO1: 1
AN2: p | AO2: 0.2
A3: INPUT VALUES | L3: OUTPUT VALUES | V3: INTERMEDIARY CALCULATIONS | AN3: correl | AO3: 0
A4: Input parameters | L4: Design 1 | O4: Design 2 | R4: Design 3 | V4: Design 1 | Z4: Design 2 | AE4: Design 3 | AN4: lambda*p | AO4: =+AO1*AO2+AO1*(AO1-1)*AO3*AO2 -> 0.2
C5: b = | D5: 15 | E5: alpha C = | F5: -1 | G5: random = | H5: 0.318383 | L5: Sampling all listed households | O5: Sampling only households with children (5-17 years old) | R5: Stratified sampling of households with children and with working children | AN5: (1-e-lampd) | AO5: =IF(AO4=0,1,1-EXP(-AO4)) -> 0.18126925
A6: Input data | V6: Number of A-hslds in PSU | W6: Selection probability of A-HSLD | X6: random | Y6: sample A | Z6: Stratum B | AA6: Number of B-hslds in PSU | AB6: Selection probability of B-HSLD | AE6: Stratum C | AF6: Number of hslds in PSU in C-stratra | AG6: Allocation of sample-take b | AH6: Selection probability of C-HSLD | AN6: sigma2 | AO6: =+(AO5*(AO4+AO4^2)-AO4^2)/(AO5^2) -> 0.10665779
A7: Stratum or domain | B7: Sample PSU id no. | C7: Buiding serial no. | D7: Dwelling serial no. | E7: Household serial no. | F7: Name | G7: Address | H7: A | I7: B | J7: C | L7: Strata A | M7: Probability HSLD | N7: Sample A | O7: Strata B | P7: Probability HSLD | Q7: Sample B | R7: Strata C | S7: Probability HSLD | T7: Sample C | AC7: random | AD7: sample B | AI7: random | AJ7: sample C | AN7: n | AO7: N | AP7: Nd | AQ7: (1-f) | AR7: (1-fd) | AS7: Var1 | AT7: Var2 | AU7: gain var | AV7: gain stdev
E8: =COUNT(H9:H99999) -> 208 | H8: =+SUM(H9:H99999) -> 847 | I8: =+SUM(I9:I99999) -> 149 | J8: =+SUM(J9:J99999) -> 17 | L8: =SUMPRODUCT($N9:$N9999,I9:I9999) -> 29 | M8: =SUMPRODUCT($N9:$N9999,J9:J9999) -> 3 | N8: =SUM(N9:N99999) -> 42 | O8: =SUMPRODUCT($Q9:$Q9999,I9:I9999) -> 37 | P8: =SUMPRODUCT($Q9:$Q9999,J9:J9999) -> 4 | Q8: =SUM(Q9:Q99999) -> 37 | R8: =+SUMPRODUCT($T9:$T9999,I9:I9999) -> 37 | S8: =+SUMPRODUCT($T9:$T9999,J9:J9999) -> 17 | T8: =+SUM(T9:T99999) -> 37 | W8: =SUM(W9:W99999) -> 42 | X8: =-$H$5 -> -0.318383 | Y8: =SUM(Y9:Y99999) -> 42 | AB8: =SUM(AB9:AB99999) -> 37 | AC8: =-$H$5 -> -0.318383 | AD8: =SUM(AD9:AD99999) -> 37 | AI8: =-$H$5 -> -0.318383 | AJ8: =SUM(AJ9:AJ99999) -> 37 | AN8: =+SUM(AN9:AN9999) -> 42.576803 | AO8: =+SUM(AO9:AO9999) -> 213.80084 | AP8: =+SUM(AP9:AP9999) -> 155.09583 | AS8: =+SUM(AS9:AS11) -> 235.28762 | AT8: =+SUM(AT9:AT11) -> 62.231265 | AU8: =IF(AS8=0,0,1-AT8/AS8) -> 0.73550982 | AV8: =IF(AS8=0,0,1-SQRT(AT8)/SQRT(AS8)) -> 0.48571391
A9: Stratum 1 | B9: PSU 1 | C9: 1 | D9: 1 | E9: 1 | F9: AA BB | G9: CC DDDD | H9: 2 | I9: 1 | J9: 1 | L9: 1 | M9: =+W9 -> 0.20547945 | N9: =+IF(Y9=1,Y9,"") | O9: =+Z9 -> 1 | P9: =+AB9 -> 0.29411765 | Q9: =IF(AD9=1,AD9,"") | R9: =+AE9 -> 2 | S9: =+AH9 -> 1 | T9: =IF(AJ9=1,AJ9,"") -> 1 | V9: =IF(B9=B8,V8,COUNTIFS(B:B,B9,H:H,">0")) -> 73 | W9: =+MIN(1,$D$5/V9) -> 0.20547945 | X9: =+W9+X8 -> -0.11290355 | Y9: =+INT(X9)-INT(X8) -> 0 | Z9: =1*(I9>0) -> 1 | AA9: =IF(B9=B8,AA8,COUNTIFS(B:B,B9,I:I,">0")) -> 51 | AB9: =+I9*MIN(1,$D$5/AA9) -> 0.29411765 | AC9: =+AB9+AC8 -> -0.024265353 | AD9: =+INT(AC9)-INT(AC8) -> 0 | AE9: =+(J9>0)+(I9>0) -> 2 | AF9: =+COUNTIFS(B:B,B9,AE:AE,AE9) -> 6 | AG9: =IF(OR(AF9=0,AE9=0),0,IF(AE9=2,ROUND(MIN($D$5*(AF9^$F$5)/(AF9^$F$5+(AA9-AF9)^$F$5),AF9),0),IF(AF9=0,0,MIN($D$5,AA9)-IF(AA9=AF9,0,ROUND(MIN((AE9>0)*$D$5*((AA9-AF9)^$F$5)/((AA9-AF9)^$F$5+AF9^$F$5),AA9-AF9),0))))) -> 6 | AH9: =+MIN(1,AG9/AF9) -> 1 | AI9: =+AH9+AI8 -> 0.681617 | AJ9: =+INT(AI9)-INT(AI8) -> 1 | AL9: =IF(AE9=1,IF(AF9=0,0,MIN($D$5,AA9)-IF(AA9=AF9,0,ROUND(MIN((AE9>0)*$D$5*((AA9-AF9)^$F$5)/((AA9-AF9)^$F$5+AF9^$F$5),AA9-AF9),0))),"") | AM9: PSU 1 | AN9: =+SUMIF($B:$B,$AM9,Q:Q) -> 15 | AO9: =+COUNTIF($B:$B,$AM9) -> 73 | AP9: =+COUNTIFS($B:$B,$AM9,I:I,">0") -> 51 | AQ9: =+(1-$AN9/AO9) -> 0.79452055 | AR9: =+(1-$AN9/AP9) -> 0.70588235 | AS9: =+(AO9^2)*AQ9*$AO$4/$AN9 -> 56.453333 | AT9: =+(AP9^2)*AR9*$AO$6/$AN9 -> 13.054914 | AU9: =IF(AS9=0,0,1-AT9/AS9) -> 0.76874858 | AV9: =IF(AS9=0,0,1-SQRT(AT9)/SQRT(AS9)) -> 0.51911392
A10: Stratum 1 | B10: PSU 1 | C10: =+C9+1 -> 2 | D10: =1+D9 -> 2 | E10: =1+E9 -> 2 | F10: AA BB | G10: CC DDDD | H10: 4 | I10: 1 | J10: 1 | L10: 1 | M10: =+W10 -> 0.20547945 | N10: =+IF(Y10=1,Y10,"") -> 1 | O10: =+Z10 -> 1 | P10: =+AB10 -> 0.29411765 | Q10: =IF(AD10=1,AD10,"") -> 1 | R10: =+AE10 -> 2 | S10: =+AH10 -> 1 | T10: =IF(AJ10=1,AJ10,"") -> 1 | V10: =+IF(B10=B9,V9,COUNTIFS(B:B,B10,H:H,">0")) -> 73 | W10: =+MIN(1,$D$5/V10) -> 0.20547945 | X10: =+W10+X9 -> 0.092575904 | Y10: =+INT(X10)-INT(X9) -> 1 | Z10: =1*(I10>0) -> 1 | AA10: =IF(B10=B9,AA9,COUNTIFS(B:B,B10,I:I,">0")) -> 51 | AB10: =+I10*MIN(1,$D$5/AA10) -> 0.29411765 | AC10: =+AB10+AC9 -> 0.26985229 | AD10: =+INT(AC10)-INT(AC9) -> 1 | AE10: =+(J10>0)+(I10>0) -> 2 | AF10: =+COUNTIFS(B:B,B10,AE:AE,AE10) -> 6 | AG10: =IF(OR(AF10=0,AE10=0),0,IF(AE10=2,ROUND(MIN($D$5*(AF10^$F$5)/(AF10^$F$5+(AA10-AF10)^$F$5),AF10),0),IF(AF10=0,0,MIN($D$5,AA10)-IF(AA10=AF10,0,ROUND(MIN((AE10>0)*$D$5*((AA10-AF10)^$F$5)/((AA10-AF10)^$F$5+AF10^$F$5),AA10-AF10),0))))) -> 6 | AH10: =+MIN(1,AG10/AF10) -> 1 | AI10: =+AH10+AI9 -> 1.681617 | AJ10: =+INT(AI10)-INT(AI9) -> 1 | AL10: =IF(AE10=1,IF(AF10=0,0,MIN($D$5,AA10)-IF(AA10=AF10,0,ROUND(MIN((AE10>0)*$D$5*((AA10-AF10)^$F$5)/((AA10-AF10)^$F$5+AF10^$F$5),AA10-AF10),0))),"") | AM10: PSU 2 | AN10: =+SUMIF($B:$B,$AM10,Q:Q) -> 7 | AO10: =+COUNTIF($B:$B,$AM10) -> 12 | AP10: =+COUNTIFS($B:$B,$AM10,I:I,">0") -> 7 | AQ10: =+(1-$AN10/AO10) -> 0.41666667 | AR10: =+(1-$AN10/AP10) -> 0 | AS10: =+(AO10^2)*AQ10*$AO$4/$AN10 -> 1.7142857 | AT10: =+(AP10^2)*AR10*$AO$6/$AN10 -> 0 | AU10: =IF(AS10=0,0,1-AT10/AS10) -> 1 | AV10: =IF(AS10=0,0,1-SQRT(AT10)/SQRT(AS10)) -> 1
A11: Stratum 1 | B11: PSU 1 | C11: =+C10+1 -> 3 | D11: =1+D10 -> 3 | E11: =1+E10 -> 3 | F11: AA BB | G11: CC DDDD | H11: 7 | I11: 1 | J11: 1 | L11: 1 | M11: =+W11 -> 0.20547945 | N11: =+IF(Y11=1,Y11,"") | O11: =+Z11 -> 1 | P11: =+AB11 -> 0.29411765 | Q11: =IF(AD11=1,AD11,"") | R11: =+AE11 -> 2 | S11: =+AH11 -> 1 | T11: =IF(AJ11=1,AJ11,"") -> 1 | V11: =+IF(B11=B10,V10,COUNTIFS(B:B,B11,H:H,">0")) -> 73 | W11: =+MIN(1,$D$5/V11) -> 0.20547945 | X11: =+W11+X10 -> 0.29805536 | Y11: =+INT(X11)-INT(X10) -> 0 | Z11: =1*(I11>0) -> 1 | AA11: =IF(B11=B10,AA10,COUNTIFS(B:B,B11,I:I,">0")) -> 51 | AB11: =+I11*MIN(1,$D$5/AA11) -> 0.29411765 | AC11: =+AB11+AC10 -> 0.56396994 | AD11: =+INT(AC11)-INT(AC10) -> 0 | AE11: =+(J11>0)+(I11>0) -> 2 | AF11: =+COUNTIFS(B:B,B11,AE:AE,AE11) -> 6 | AG11: =IF(OR(AF11=0,AE11=0),0,IF(AE11=2,ROUND(MIN($D$5*(AF11^$F$5)/(AF11^$F$5+(AA11-AF11)^$F$5),AF11),0),IF(AF11=0,0,MIN($D$5,AA11)-IF(AA11=AF11,0,ROUND(MIN((AE11>0)*$D$5*((AA11-AF11)^$F$5)/((AA11-AF11)^$F$5+AF11^$F$5),AA11-AF11),0))))) -> 6 | AH11: =+MIN(1,AG11/AF11) -> 1 | AI11: =+AH11+AI10 -> 2.681617 | AJ11: =+INT(AI11)-INT(AI10) -> 1 | AL11: =IF(AE11=1,IF(AF11=0,0,MIN($D$5,AA11)-IF(AA11=AF11,0,ROUND(MIN((AE11>0)*$D$5*((AA11-AF11)^$F$5)/((AA11-AF11)^$F$5+AF11^$F$5),AA11-AF11),0))),"") | AM11: PSU 3 | AN11: =+SUMIF($B:$B,$AM11,Q:Q) -> 15 | AO11: =+COUNTIF($B:$B,$AM11) -> 123 | AP11: =+COUNTIFS($B:$B,$AM11,I:I,">0") -> 91 | AQ11: =+(1-$AN11/AO11) -> 0.87804878 | AR11: =+(1-$AN11/AP11) -> 0.83516484 | AS11: =+(AO11^2)*AQ11*$AO$4/$AN11 -> 177.12 | AT11: =+(AP11^2)*AR11*$AO$6/$AN11 -> 49.176352 | AU11: =IF(AS11=0,0,1-AT11/AS11) -> 0.72235574 | AV11: =IF(AS11=0,0,1-SQRT(AT11)/SQRT(AS11)) -> 0.4730804
A12: Stratum 1 | B12: PSU 1 | C12: 3 | D12: 3 | E12: =1+E11 -> 4 | F12: AA BB | G12: CC DDDD | H12: 2 | I12: 1 | J12: 1 | L12: 1 | M12: =+W12 -> 0.20547945 | N12: =+IF(Y12=1,Y12,"") | O12: =+Z12 -> 1 | P12: =+AB12 -> 0.29411765 | Q12: =IF(AD12=1,AD12,"") | R12: =+AE12 -> 2 | S12: =+AH12 -> 1 | T12: =IF(AJ12=1,AJ12,"") -> 1 | V12: =+IF(B12=B11,V11,COUNTIFS(B:B,B12,H:H,">0")) -> 73 | W12: =+MIN(1,$D$5/V12) -> 0.20547945 | X12: =+W12+X11 -> 0.50353481 | Y12: =+INT(X12)-INT(X11) -> 0 | Z12: =1*(I12>0) -> 1 | AA12: =IF(B12=B11,AA11,COUNTIFS(B:B,B12,I:I,">0")) -> 51 | AB12: =+I12*MIN(1,$D$5/AA12) -> 0.29411765 | AC12: =+AB12+AC11 -> 0.85808759 | AD12: =+INT(AC12)-INT(AC11) -> 0 | AE12: =+(J12>0)+(I12>0) -> 2 | AF12: =+COUNTIFS(B:B,B12,AE:AE,AE12) -> 6 | AG12: =IF(OR(AF12=0,AE12=0),0,IF(AE12=2,ROUND(MIN($D$5*(AF12^$F$5)/(AF12^$F$5+(AA12-AF12)^$F$5),AF12),0),IF(AF12=0,0,MIN($D$5,AA12)-IF(AA12=AF12,0,ROUND(MIN((AE12>0)*$D$5*((AA12-AF12)^$F$5)/((AA12-AF12)^$F$5+AF12^$F$5),AA12-AF12),0))))) -> 6 | AH12: =+MIN(1,AG12/AF12) -> 1 | AI12: =+AH12+AI11 -> 3.681617 | AJ12: =+INT(AI12)-INT(AI11) -> 1 | AL12: =IF(AE12=1,IF(AF12=0,0,MIN($D$5,AA12)-IF(AA12=AF12,0,ROUND(MIN((AE12>0)*$D$5*((AA12-AF12)^$F$5)/((AA12-AF12)^$F$5+AF12^$F$5),AA12-AF12),0))),"")
A13: Stratum 1 | B13: PSU 1 | C13: =+C12+1 -> 4 | D13: =1+D12 -> 4 | E13: =1+E12 -> 5 | F13: AA BB | G13: CC DDDD | H13: 5 | I13: 1 | J13: 1 | L13: 1 | M13: =+W13 -> 0.20547945 | N13: =+IF(Y13=1,Y13,"") | O13: =+Z13 -> 1 | P13: =+AB13 -> 0.29411765 | Q13: =IF(AD13=1,AD13,"") -> 1 | R13: =+AE13 -> 2 | S13: =+AH13 -> 1 | T13: =IF(AJ13=1,AJ13,"") -> 1 | V13: =+IF(B13=B12,V12,COUNTIFS(B:B,B13,H:H,">0")) -> 73 | W13: =+MIN(1,$D$5/V13) -> 0.20547945 | X13: =+W13+X12 -> 0.70901426 | Y13: =+INT(X13)-INT(X12) -> 0 | Z13: =1*(I13>0) -> 1 | AA13: =IF(B13=B12,AA12,COUNTIFS(B:B,B13,I:I,">0")) -> 51 | AB13: =+I13*MIN(1,$D$5/AA13) -> 0.29411765 | AC13: =+AB13+AC12 -> 1.1522052 | AD13: =+INT(AC13)-INT(AC12) -> 1 | AE13: =+(J13>0)+(I13>0) -> 2 | AF13: =+COUNTIFS(B:B,B13,AE:AE,AE13) -> 6 | AG13: =IF(OR(AF13=0,AE13=0),0,IF(AE13=2,ROUND(MIN($D$5*(AF13^$F$5)/(AF13^$F$5+(AA13-AF13)^$F$5),AF13),0),IF(AF13=0,0,MIN($D$5,AA13)-IF(AA13=AF13,0,ROUND(MIN((AE13>0)*$D$5*((AA13-AF13)^$F$5)/((AA13-AF13)^$F$5+AF13^$F$5),AA13-AF13),0))))) -> 6 | AH13: =+MIN(1,AG13/AF13) -> 1 | AI13: =+AH13+AI12 -> 4.681617 | AJ13: =+INT(AI13)-INT(AI12) -> 1 | AL13: =IF(AE13=1,IF(AF13=0,0,MIN($D$5,AA13)-IF(AA13=AF13,0,ROUND(MIN((AE13>0)*$D$5*((AA13-AF13)^$F$5)/((AA13-AF13)^$F$5+AF13^$F$5),AA13-AF13),0))),"")
A14: Stratum 1 | B14: PSU 1 | C14: 5 | D14: =1+D13 -> 5 | E14: =1+E13 -> 6 | F14: AA BB | G14: CC DDDD | H14: 6 | I14: 1 | J14: 1 | L14: 1 | M14: =+W14 -> 0.20547945 | N14: =+IF(Y14=1,Y14,"") | O14: =+Z14 -> 1 | P14: =+AB14 -> 0.29411765 | Q14: =IF(AD14=1,AD14,"") | R14: =+AE14 -> 2 | S14: =+AH14 -> 1 | T14: =IF(AJ14=1,AJ14,"") -> 1 | V14: =+IF(B14=B13,V13,COUNTIFS(B:B,B14,H:H,">0")) -> 73 | W14: =+MIN(1,$D$5/V14) -> 0.20547945 | X14: =+W14+X13 -> 0.91449371 | Y14: =+INT(X14)-INT(X13) -> 0 | Z14: =1*(I14>0) -> 1 | AA14: =IF(B14=B13,AA13,COUNTIFS(B:B,B14,I:I,">0")) -> 51 | AB14: =+I14*MIN(1,$D$5/AA14) -> 0.29411765 | AC14: =+AB14+AC13 -> 1.4463229 | AD14: =+INT(AC14)-INT(AC13) -> 0 | AE14: =+(J14>0)+(I14>0) -> 2 | AF14: =+COUNTIFS(B:B,B14,AE:AE,AE14) -> 6 | AG14: =IF(OR(AF14=0,AE14=0),0,IF(AE14=2,ROUND(MIN($D$5*(AF14^$F$5)/(AF14^$F$5+(AA14-AF14)^$F$5),AF14),0),IF(AF14=0,0,MIN($D$5,AA14)-IF(AA14=AF14,0,ROUND(MIN((AE14>0)*$D$5*((AA14-AF14)^$F$5)/((AA14-AF14)^$F$5+AF14^$F$5),AA14-AF14),0))))) -> 6 | AH14: =+MIN(1,AG14/AF14) -> 1 | AI14: =+AH14+AI13 -> 5.681617 | AJ14: =+INT(AI14)-INT(AI13) -> 1 | AL14: =IF(AE14=1,IF(AF14=0,0,MIN($D$5,AA14)-IF(AA14=AF14,0,ROUND(MIN((AE14>0)*$D$5*((AA14-AF14)^$F$5)/((AA14-AF14)^$F$5+AF14^$F$5),AA14-AF14),0))),"") | AM14: Efficiency of design 2 (sampling only households with children identified during listing)
A15: Stratum 1 | B15: PSU 1 | C15: 5 | D15: =1+D14 -> 6 | E15: =1+E14 -> 7 | F15: AA BB | G15: CC DDDD | H15: 5 | I15: 1 | J15: 0 | L15: 1 | M15: =+W15 -> 0.20547945 | N15: =+IF(Y15=1,Y15,"") -> 1 | O15: =+Z15 -> 1 | P15: =+AB15 -> 0.29411765 | Q15: =IF(AD15=1,AD15,"") | R15: =+AE15 -> 1 | S15: =+AH15 -> 0.2 | T15: =IF(AJ15=1,AJ15,"") | V15: =+IF(B15=B14,V14,COUNTIFS(B:B,B15,H:H,">0")) -> 73 | W15: =+MIN(1,$D$5/V15) -> 0.20547945 | X15: =+W15+X14 -> 1.1199732 | Y15: =+INT(X15)-INT(X14) -> 1 | Z15: =1*(I15>0) -> 1 | AA15: =IF(B15=B14,AA14,COUNTIFS(B:B,B15,I:I,">0")) -> 51 | AB15: =+I15*MIN(1,$D$5/AA15) -> 0.29411765 | AC15: =+AB15+AC14 -> 1.7404405 | AD15: =+INT(AC15)-INT(AC14) -> 0 | AE15: =+(J15>0)+(I15>0) -> 1 | AF15: =+COUNTIFS(B:B,B15,AE:AE,AE15) -> 45 | AG15: =IF(OR(AF15=0,AE15=0),0,IF(AE15=2,ROUND(MIN($D$5*(AF15^$F$5)/(AF15^$F$5+(AA15-AF15)^$F$5),AF15),0),IF(AF15=0,0,MIN($D$5,AA15)-IF(AA15=AF15,0,ROUND(MIN((AE15>0)*$D$5*((AA15-AF15)^$F$5)/((AA15-AF15)^$F$5+AF15^$F$5),AA15-AF15),0))))) -> 9 | AH15: =+MIN(1,AG15/AF15) -> 0.2 | AI15: =+AH15+AI14 -> 5.881617 | AJ15: =+INT(AI15)-INT(AI14) -> 0 | AM15: Average gain in standard error of estimate of percentage of children in child labour
A16: Stratum 1 | B16: PSU 1 | C16: =+C15+1 -> 6 | D16: =1+D15 -> 7 | E16: =1+E15 -> 8 | F16: AA BB | G16: CC DDDD | H16: 3 | I16: 1 | J16: 0 | L16: 1 | M16: =+W16 -> 0.20547945 | N16: =+IF(Y16=1,Y16,"") | O16: =+Z16 -> 1 | P16: =+AB16 -> 0.29411765 | Q16: =IF(AD16=1,AD16,"") -> 1 | R16: =+AE16 -> 1 | S16: =+AH16 -> 0.2 | T16: =IF(AJ16=1,AJ16,"") -> 1 | V16: =+IF(B16=B15,V15,COUNTIFS(B:B,B16,H:H,">0")) -> 73 | W16: =+MIN(1,$D$5/V16) -> 0.20547945 | X16: =+W16+X15 -> 1.3254526 | Y16: =+INT(X16)-INT(X15) -> 0 | Z16: =1*(I16>0) -> 1 | AA16: =IF(B16=B15,AA15,COUNTIFS(B:B,B16,I:I,">0")) -> 51 | AB16: =+I16*MIN(1,$D$5/AA16) -> 0.29411765 | AC16: =+AB16+AC15 -> 2.0345582 | AD16: =+INT(AC16)-INT(AC15) -> 1 | AE16: =+(J16>0)+(I16>0) -> 1 | AF16: =+COUNTIFS(B:B,B16,AE:AE,AE16) -> 45 | AG16: =IF(OR(AF16=0,AE16=0),0,IF(AE16=2,ROUND(MIN($D$5*(AF16^$F$5)/(AF16^$F$5+(AA16-AF16)^$F$5),AF16),0),IF(AF16=0,0,MIN($D$5,AA16)-IF(AA16=AF16,0,ROUND(MIN((AE16>0)*$D$5*((AA16-AF16)^$F$5)/((AA16-AF16)^$F$5+AF16^$F$5),AA16-AF16),0))))) -> 9 | AH16: =+MIN(1,AG16/AF16) -> 0.2 | AI16: =+AH16+AI15 -> 6.081617 | AJ16: =+INT(AI16)-INT(AI15) -> 1 | AM16: Numerical illustration: Three PSUs with 208 households, 149 households with children
A17: Stratum 1 | B17: PSU 1 | C17: =+C16+1 -> 7 | D17: =1+D16 -> 8 | E17: =1+E16 -> 9 | F17: AA BB | G17: CC DDDD | H17: 1 | I17: 1 | J17: 0 | L17: 1 | M17: =+W17 -> 0.20547945 | N17: =+IF(Y17=1,Y17,"") | O17: =+Z17 -> 1 | P17: =+AB17 -> 0.29411765 | Q17: =IF(AD17=1,AD17,"") | R17: =+AE17 -> 1 | S17: =+AH17 -> 0.2 | T17: =IF(AJ17=1,AJ17,"") | V17: =+IF(B17=B16,V16,COUNTIFS(B:B,B17,H:H,">0")) -> 73 | W17: =+MIN(1,$D$5/V17) -> 0.20547945 | X17: =+W17+X16 -> 1.5309321 | Y17: =+INT(X17)-INT(X16) -> 0 | Z17: =1*(I17>0) -> 1 | AA17: =IF(B17=B16,AA16,COUNTIFS(B:B,B17,I:I,">0")) -> 51 | AB17: =+I17*MIN(1,$D$5/AA17) -> 0.29411765 | AC17: =+AB17+AC16 -> 2.3286758 | AD17: =+INT(AC17)-INT(AC16) -> 0 | AE17: =+(J17>0)+(I17>0) -> 1 | AF17: =+COUNTIFS(B:B,B17,AE:AE,AE17) -> 45 | AG17: =IF(OR(AF17=0,AE17=0),0,IF(AE17=2,ROUND(MIN($D$5*(AF17^$F$5)/(AF17^$F$5+(AA17-AF17)^$F$5),AF17),0),IF(AF17=0,0,MIN($D$5,AA17)-IF(AA17=AF17,0,ROUND(MIN((AE17>0)*$D$5*((AA17-AF17)^$F$5)/((AA17-AF17)^$F$5+AF17^$F$5),AA17-AF17),0))))) -> 9 | AH17: =+MIN(1,AG17/AF17) -> 0.2 | AI17: =+AH17+AI16 -> 6.281617 | AJ17: =+INT(AI17)-INT(AI16) -> 0 | AM17: % children in child labour (p) | AN17: No correlation within household (ρ=0) | AT17: Full correlation within household (ρ=1)
A18: Stratum 1 | B18: PSU 1 | C18: 7 | D18: 8 | E18: =1+E17 -> 10 | F18: AA BB | G18: CC DDDD | H18: 7 | I18: 1 | J18: 0 | L18: 1 | M18: =+W18 -> 0.20547945 | N18: =+IF(Y18=1,Y18,"") | O18: =+Z18 -> 1 | P18: =+AB18 -> 0.29411765 | Q18: =IF(AD18=1,AD18,"") | R18: =+AE18 -> 1 | S18: =+AH18 -> 0.2 | T18: =IF(AJ18=1,AJ18,"") | V18: =+IF(B18=B17,V17,COUNTIFS(B:B,B18,H:H,">0")) -> 73 | W18: =+MIN(1,$D$5/V18) -> 0.20547945 | X18: =+W18+X17 -> 1.7364115 | Y18: =+INT(X18)-INT(X17) -> 0 | Z18: =1*(I18>0) -> 1 | AA18: =IF(B18=B17,AA17,COUNTIFS(B:B,B18,I:I,">0")) -> 51 | AB18: =+I18*MIN(1,$D$5/AA18) -> 0.29411765 | AC18: =+AB18+AC17 -> 2.6227935 | AD18: =+INT(AC18)-INT(AC17) -> 0 | AE18: =+(J18>0)+(I18>0) -> 1 | AF18: =+COUNTIFS(B:B,B18,AE:AE,AE18) -> 45 | AG18: =IF(OR(AF18=0,AE18=0),0,IF(AE18=2,ROUND(MIN($D$5*(AF18^$F$5)/(AF18^$F$5+(AA18-AF18)^$F$5),AF18),0),IF(AF18=0,0,MIN($D$5,AA18)-IF(AA18=AF18,0,ROUND(MIN((AE18>0)*$D$5*((AA18-AF18)^$F$5)/((AA18-AF18)^$F$5+AF18^$F$5),AA18-AF18),0))))) -> 9 | AH18: =+MIN(1,AG18/AF18) -> 0.2 | AI18: =+AH18+AI17 -> 6.481617 | AJ18: =+INT(AI18)-INT(AI17) -> 0 | AN18: Average number of children per hsld (λ) | AT18: Average number of children per hsld (λ)
A19: Stratum 1 | B19: PSU 1 | C19: =+C18+1 -> 8 | D19: =1+D18 -> 9 | E19: =1+E18 -> 11 | F19: AA BB | G19: CC DDDD | H19: 7 | I19: 1 | J19: 0 | L19: 1 | M19: =+W19 -> 0.20547945 | N19: =+IF(Y19=1,Y19,"") | O19: =+Z19 -> 1 | P19: =+AB19 -> 0.29411765 | Q19: =IF(AD19=1,AD19,"") | R19: =+AE19 -> 1 | S19: =+AH19 -> 0.2 | T19: =IF(AJ19=1,AJ19,"") | V19: =+IF(B19=B18,V18,COUNTIFS(B:B,B19,H:H,">0")) -> 73 | W19: =+MIN(1,$D$5/V19) -> 0.20547945 | X19: =+W19+X18 -> 1.941891 | Y19: =+INT(X19)-INT(X18) -> 0 | Z19: =1*(I19>0) -> 1 | AA19: =IF(B19=B18,AA18,COUNTIFS(B:B,B19,I:I,">0")) -> 51 | AB19: =+I19*MIN(1,$D$5/AA19) -> 0.29411765 | AC19: =+AB19+AC18 -> 2.9169111 | AD19: =+INT(AC19)-INT(AC18) -> 0 | AE19: =+(J19>0)+(I19>0) -> 1 | AF19: =+COUNTIFS(B:B,B19,AE:AE,AE19) -> 45 | AG19: =IF(OR(AF19=0,AE19=0),0,IF(AE19=2,ROUND(MIN($D$5*(AF19^$F$5)/(AF19^$F$5+(AA19-AF19)^$F$5),AF19),0),IF(AF19=0,0,MIN($D$5,AA19)-IF(AA19=AF19,0,ROUND(MIN((AE19>0)*$D$5*((AA19-AF19)^$F$5)/((AA19-AF19)^$F$5+AF19^$F$5),AA19-AF19),0))))) -> 9 | AH19: =+MIN(1,AG19/AF19) -> 0.2 | AI19: =+AH19+AI18 -> 6.681617 | AJ19: =+INT(AI19)-INT(AI18) -> 0 | AN19: 0.1 | AO19: 0.5 | AP19: 1 | AQ19: 1.5 | AR19: 2 | AT19: 0.1 | AU19: 0.5 | AV19: 1 | AW19: 1.5 | AX19: 2
A20: Stratum 1 | B20: PSU 1 | C20: =+C19+1 -> 9 | D20: =1+D19 -> 10 | E20: =1+E19 -> 12 | F20: AA BB | G20: CC DDDD | H20: 1 | I20: 1 | J20: 0 | L20: 1 | M20: =+W20 -> 0.20547945 | N20: =+IF(Y20=1,Y20,"") -> 1 | O20: =+Z20 -> 1 | P20: =+AB20 -> 0.29411765 | Q20: =IF(AD20=1,AD20,"") -> 1 | R20: =+AE20 -> 1 | S20: =+AH20 -> 0.2 | T20: =IF(AJ20=1,AJ20,"") | V20: =+IF(B20=B19,V19,COUNTIFS(B:B,B20,H:H,">0")) -> 73 | W20: =+MIN(1,$D$5/V20) -> 0.20547945 | X20: =+W20+X19 -> 2.1473704 | Y20: =+INT(X20)-INT(X19) -> 1 | Z20: =1*(I20>0) -> 1 | AA20: =IF(B20=B19,AA19,COUNTIFS(B:B,B20,I:I,">0")) -> 51 | AB20: =+I20*MIN(1,$D$5/AA20) -> 0.29411765 | AC20: =+AB20+AC19 -> 3.2110288 | AD20: =+INT(AC20)-INT(AC19) -> 1 | AE20: =+(J20>0)+(I20>0) -> 1 | AF20: =+COUNTIFS(B:B,B20,AE:AE,AE20) -> 45 | AG20: =IF(OR(AF20=0,AE20=0),0,IF(AE20=2,ROUND(MIN($D$5*(AF20^$F$5)/(AF20^$F$5+(AA20-AF20)^$F$5),AF20),0),IF(AF20=0,0,MIN($D$5,AA20)-IF(AA20=AF20,0,ROUND(MIN((AE20>0)*$D$5*((AA20-AF20)^$F$5)/((AA20-AF20)^$F$5+AF20^$F$5),AA20-AF20),0))))) -> 9 | AH20: =+MIN(1,AG20/AF20) -> 0.2 | AI20: =+AH20+AI19 -> 6.881617 | AJ20: =+INT(AI20)-INT(AI19) -> 0 | AM20: 0.01 | AN20: 0.50194092 | AO20: 0.50160911 | AP20: 0.50119465 | AQ20: 0.50078054 | AR20: 0.50036677 | AT20: 0.50202091 | AU20: 0.50181647 | AV20: 0.50119465 | AW20: 0.50016002 | AX20: 0.49871524
A21: Stratum 1 | B21: PSU 1 | C21: 10 | D21: =1+D20 -> 11 | E21: =1+E20 -> 13 | F21: AA BB | G21: CC DDDD | H21: 4 | I21: 1 | J21: 0 | L21: 1 | M21: =+W21 -> 0.20547945 | N21: =+IF(Y21=1,Y21,"") | O21: =+Z21 -> 1 | P21: =+AB21 -> 0.29411765 | Q21: =IF(AD21=1,AD21,"") | R21: =+AE21 -> 1 | S21: =+AH21 -> 0.2 | T21: =IF(AJ21=1,AJ21,"") -> 1 | V21: =+IF(B21=B20,V20,COUNTIFS(B:B,B21,H:H,">0")) -> 73 | W21: =+MIN(1,$D$5/V21) -> 0.20547945 | X21: =+W21+X20 -> 2.3528499 | Y21: =+INT(X21)-INT(X20) -> 0 | Z21: =1*(I21>0) -> 1 | AA21: =IF(B21=B20,AA20,COUNTIFS(B:B,B21,I:I,">0")) -> 51 | AB21: =+I21*MIN(1,$D$5/AA21) -> 0.29411765 | AC21: =+AB21+AC20 -> 3.5051464 | AD21: =+INT(AC21)-INT(AC20) -> 0 | AE21: =+(J21>0)+(I21>0) -> 1 | AF21: =+COUNTIFS(B:B,B21,AE:AE,AE21) -> 45 | AG21: =IF(OR(AF21=0,AE21=0),0,IF(AE21=2,ROUND(MIN($D$5*(AF21^$F$5)/(AF21^$F$5+(AA21-AF21)^$F$5),AF21),0),IF(AF21=0,0,MIN($D$5,AA21)-IF(AA21=AF21,0,ROUND(MIN((AE21>0)*$D$5*((AA21-AF21)^$F$5)/((AA21-AF21)^$F$5+AF21^$F$5),AA21-AF21),0))))) -> 9 | AH21: =+MIN(1,AG21/AF21) -> 0.2 | AI21: =+AH21+AI20 -> 7.081617 | AJ21: =+INT(AI21)-INT(AI20) -> 1 | AM21: 0.1 | AN21: 0.50119465 | AO21: 0.4978916 | AP21: 0.49379507 | AQ21: 0.48973546 | AR21: 0.48571391 | AT21: 0.50194092 | AU21: 0.49995336 | AV21: 0.49379507 | AW21: 0.48371774 | AX21: 0.47002937
A22: Stratum 1 | B22: PSU 1 | C22: 10 | D22: =1+D21 -> 12 | E22: =1+E21 -> 14 | F22: AA BB | G22: CC DDDD | H22: 6 | I22: 1 | J22: 0 | L22: 1 | M22: =+W22 -> 0.20547945 | N22: =+IF(Y22=1,Y22,"") | O22: =+Z22 -> 1 | P22: =+AB22 -> 0.29411765 | Q22: =IF(AD22=1,AD22,"") | R22: =+AE22 -> 1 | S22: =+AH22 -> 0.2 | T22: =IF(AJ22=1,AJ22,"") | V22: =+IF(B22=B21,V21,COUNTIFS(B:B,B22,H:H,">0")) -> 73 | W22: =+MIN(1,$D$5/V22) -> 0.20547945 | X22: =+W22+X21 -> 2.5583293 | Y22: =+INT(X22)-INT(X21) -> 0 | Z22: =1*(I22>0) -> 1 | AA22: =IF(B22=B21,AA21,COUNTIFS(B:B,B22,I:I,">0")) -> 51 | AB22: =+I22*MIN(1,$D$5/AA22) -> 0.29411765 | AC22: =+AB22+AC21 -> 3.7992641 | AD22: =+INT(AC22)-INT(AC21) -> 0 | AE22: =+(J22>0)+(I22>0) -> 1 | AF22: =+COUNTIFS(B:B,B22,AE:AE,AE22) -> 45 | AG22: =IF(OR(AF22=0,AE22=0),0,IF(AE22=2,ROUND(MIN($D$5*(AF22^$F$5)/(AF22^$F$5+(AA22-AF22)^$F$5),AF22),0),IF(AF22=0,0,MIN($D$5,AA22)-IF(AA22=AF22,0,ROUND(MIN((AE22>0)*$D$5*((AA22-AF22)^$F$5)/((AA22-AF22)^$F$5+AF22^$F$5),AA22-AF22),0))))) -> 9 | AH22: =+MIN(1,AG22/AF22) -> 0.2 | AI22: =+AH22+AI21 -> 7.281617 | AJ22: =+INT(AI22)-INT(AI21) -> 0 | AM22: 0.2 | AN22: 0.50036677 | AO22: 0.49379507 | AP22: 0.48571391 | AQ22: 0.47778927 | AR22: 0.47002937 | AT22: 0.50185795 | AU22: 0.4978916 | AV22: 0.48571391 | AW22: 0.46621359 | AX22: 0.44077816
A23: Stratum 1 | B23: PSU 1 | C23: 10 | D23: =1+D22 -> 13 | E23: =1+E22 -> 15 | F23: AA BB | G23: CC DDDD | H23: 2 | I23: 1 | J23: 0 | L23: 1 | M23: =+W23 -> 0.20547945 | N23: =+IF(Y23=1,Y23,"") | O23: =+Z23 -> 1 | P23: =+AB23 -> 0.29411765 | Q23: =IF(AD23=1,AD23,"") -> 1 | R23: =+AE23 -> 1 | S23: =+AH23 -> 0.2 | T23: =IF(AJ23=1,AJ23,"") | V23: =+IF(B23=B22,V22,COUNTIFS(B:B,B23,H:H,">0")) -> 73 | W23: =+MIN(1,$D$5/V23) -> 0.20547945 | X23: =+W23+X22 -> 2.7638088 | Y23: =+INT(X23)-INT(X22) -> 0 | Z23: =1*(I23>0) -> 1 | AA23: =IF(B23=B22,AA22,COUNTIFS(B:B,B23,I:I,">0")) -> 51 | AB23: =+I23*MIN(1,$D$5/AA23) -> 0.29411765 | AC23: =+AB23+AC22 -> 4.0933817 | AD23: =+INT(AC23)-INT(AC22) -> 1 | AE23: =+(J23>0)+(I23>0) -> 1 | AF23: =+COUNTIFS(B:B,B23,AE:AE,AE23) -> 45 | AG23: =IF(OR(AF23=0,AE23=0),0,IF(AE23=2,ROUND(MIN($D$5*(AF23^$F$5)/(AF23^$F$5+(AA23-AF23)^$F$5),AF23),0),IF(AF23=0,0,MIN($D$5,AA23)-IF(AA23=AF23,0,ROUND(MIN((AE23>0)*$D$5*((AA23-AF23)^$F$5)/((AA23-AF23)^$F$5+AF23^$F$5),AA23-AF23),0))))) -> 9 | AH23: =+MIN(1,AG23/AF23) -> 0.2 | AI23: =+AH23+AI22 -> 7.481617 | AJ23: =+INT(AI23)-INT(AI22) -> 0 | AM23: 0.3 | AN23: 0.4995403 | AO23: 0.48973546 | AP23: 0.47778927 | AQ23: 0.46621359 | AR23: 0.45503337 | AT23: 0.50177499 | AU23: 0.49583879 | AV23: 0.47778927 | AW23: 0.44959841 | AX23: 0.41464143
A24: Stratum 1 | B24: PSU 1 | C24: 10 | D24: =1+D23 -> 14 | E24: =1+E23 -> 16 | F24: AA BB | G24: CC DDDD | H24: 1 | I24: 1 | J24: 0 | L24: 1 | M24: =+W24 -> 0.20547945 | N24: =+IF(Y24=1,Y24,"") | O24: =+Z24 -> 1 | P24: =+AB24 -> 0.29411765 | Q24: =IF(AD24=1,AD24,"") | R24: =+AE24 -> 1 | S24: =+AH24 -> 0.2 | T24: =IF(AJ24=1,AJ24,"") | V24: =+IF(B24=B23,V23,COUNTIFS(B:B,B24,H:H,">0")) -> 73 | W24: =+MIN(1,$D$5/V24) -> 0.20547945 | X24: =+W24+X23 -> 2.9692882 | Y24: =+INT(X24)-INT(X23) -> 0 | Z24: =1*(I24>0) -> 1 | AA24: =IF(B24=B23,AA23,COUNTIFS(B:B,B24,I:I,">0")) -> 51 | AB24: =+I24*MIN(1,$D$5/AA24) -> 0.29411765 | AC24: =+AB24+AC23 -> 4.3874994 | AD24: =+INT(AC24)-INT(AC23) -> 0 | AE24: =+(J24>0)+(I24>0) -> 1 | AF24: =+COUNTIFS(B:B,B24,AE:AE,AE24) -> 45 | AG24: =IF(OR(AF24=0,AE24=0),0,IF(AE24=2,ROUND(MIN($D$5*(AF24^$F$5)/(AF24^$F$5+(AA24-AF24)^$F$5),AF24),0),IF(AF24=0,0,MIN($D$5,AA24)-IF(AA24=AF24,0,ROUND(MIN((AE24>0)*$D$5*((AA24-AF24)^$F$5)/((AA24-AF24)^$F$5+AF24^$F$5),AA24-AF24),0))))) -> 9 | AH24: =+MIN(1,AG24/AF24) -> 0.2 | AI24: =+AH24+AI23 -> 7.681617 | AJ24: =+INT(AI24)-INT(AI23) -> 0 | AM24: 0.4 | AN24: 0.49871524 | AO24: 0.48571391 | AP24: 0.47002937 | AQ24: 0.45503337 | AR24: 0.44077816 | AT24: 0.50169204 | AU24: 0.49379507 | AV24: 0.47002937 | AW24: 0.43394154 | AX24: 0.39180527
A25: Stratum 1 | B25: PSU 1 | C25: 10 | D25: =1+D24 -> 15 | E25: =1+E24 -> 17 | F25: AA BB | G25: CC DDDD | H25: 6 | I25: 1 | J25: 0 | L25: 1 | M25: =+W25 -> 0.20547945 | N25: =+IF(Y25=1,Y25,"") -> 1 | O25: =+Z25 -> 1 | P25: =+AB25 -> 0.29411765 | Q25: =IF(AD25=1,AD25,"") | R25: =+AE25 -> 1 | S25: =+AH25 -> 0.2 | T25: =IF(AJ25=1,AJ25,"") | V25: =+IF(B25=B24,V24,COUNTIFS(B:B,B25,H:H,">0")) -> 73 | W25: =+MIN(1,$D$5/V25) -> 0.20547945 | X25: =+W25+X24 -> 3.1747677 | Y25: =+INT(X25)-INT(X24) -> 1 | Z25: =1*(I25>0) -> 1 | AA25: =IF(B25=B24,AA24,COUNTIFS(B:B,B25,I:I,">0")) -> 51 | AB25: =+I25*MIN(1,$D$5/AA25) -> 0.29411765 | AC25: =+AB25+AC24 -> 4.681617 | AD25: =+INT(AC25)-INT(AC24) -> 0 | AE25: =+(J25>0)+(I25>0) -> 1 | AF25: =+COUNTIFS(B:B,B25,AE:AE,AE25) -> 45 | AG25: =IF(OR(AF25=0,AE25=0),0,IF(AE25=2,ROUND(MIN($D$5*(AF25^$F$5)/(AF25^$F$5+(AA25-AF25)^$F$5),AF25),0),IF(AF25=0,0,MIN($D$5,AA25)-IF(AA25=AF25,0,ROUND(MIN((AE25>0)*$D$5*((AA25-AF25)^$F$5)/((AA25-AF25)^$F$5+AF25^$F$5),AA25-AF25),0))))) -> 9 | AH25: =+MIN(1,AG25/AF25) -> 0.2 | AI25: =+AH25+AI24 -> 7.881617 | AJ25: =+INT(AI25)-INT(AI24) -> 0 | AM25: 0.5 | AN25: 0.4978916 | AO25: 0.4817315 | AP25: 0.46244177 | AQ25: 0.44427008 | AR25: 0.4273045 | AT25: 0.50160911 | AU25: 0.49176058 | AV25: 0.46244177 | AW25: 0.41929374 | AX25: 0.37227875
A26: Stratum 1 | B26: PSU 1 | C26: =+C25+1 -> 11 | D26: =1+D25 -> 16 | E26: =1+E25 -> 18 | F26: AA BB | G26: CC DDDD | H26: 3 | I26: 1 | J26: 0 | L26: 1 | M26: =+W26 -> 0.20547945 | N26: =+IF(Y26=1,Y26,"") | O26: =+Z26 -> 1 | P26: =+AB26 -> 0.29411765 | Q26: =IF(AD26=1,AD26,"") | R26: =+AE26 -> 1 | S26: =+AH26 -> 0.2 | T26: =IF(AJ26=1,AJ26,"") -> 1 | V26: =+IF(B26=B25,V25,COUNTIFS(B:B,B26,H:H,">0")) -> 73 | W26: =+MIN(1,$D$5/V26) -> 0.20547945 | X26: =+W26+X25 -> 3.3802471 | Y26: =+INT(X26)-INT(X25) -> 0 | Z26: =1*(I26>0) -> 1 | AA26: =IF(B26=B25,AA25,COUNTIFS(B:B,B26,I:I,">0")) -> 51 | AB26: =+I26*MIN(1,$D$5/AA26) -> 0.29411765 | AC26: =+AB26+AC25 -> 4.9757346 | AD26: =+INT(AC26)-INT(AC25) -> 0 | AE26: =+(J26>0)+(I26>0) -> 1 | AF26: =+COUNTIFS(B:B,B26,AE:AE,AE26) -> 45 | AG26: =IF(OR(AF26=0,AE26=0),0,IF(AE26=2,ROUND(MIN($D$5*(AF26^$F$5)/(AF26^$F$5+(AA26-AF26)^$F$5),AF26),0),IF(AF26=0,0,MIN($D$5,AA26)-IF(AA26=AF26,0,ROUND(MIN((AE26>0)*$D$5*((AA26-AF26)^$F$5)/((AA26-AF26)^$F$5+AF26^$F$5),AA26-AF26),0))))) -> 9 | AH26: =+MIN(1,AG26/AF26) -> 0.2 | AI26: =+AH26+AI25 -> 8.081617 | AJ26: =+INT(AI26)-INT(AI25) -> 1 | AM26: 0.6 | AN26: 0.4970694 | AO26: 0.47778927 | AP26: 0.45503337 | AQ26: 0.43394154 | AR26: 0.41464143 | AT26: 0.50152619 | AU26: 0.48973546 | AV26: 0.45503337 | AW26: 0.40568694 | AX26: 0.3559205
A27: Stratum 1 | B27: PSU 1 | C27: =+C26+1 -> 12 | D27: =1+D26 -> 17 | E27: =1+E26 -> 19 | F27: AA BB | G27: CC DDDD | H27: 3 | I27: 1 | J27: 0 | L27: 1 | M27: =+W27 -> 0.20547945 | N27: =+IF(Y27=1,Y27,"") | O27: =+Z27 -> 1 | P27: =+AB27 -> 0.29411765 | Q27: =IF(AD27=1,AD27,"") -> 1 | R27: =+AE27 -> 1 | S27: =+AH27 -> 0.2 | T27: =IF(AJ27=1,AJ27,"") | V27: =+IF(B27=B26,V26,COUNTIFS(B:B,B27,H:H,">0")) -> 73 | W27: =+MIN(1,$D$5/V27) -> 0.20547945 | X27: =+W27+X26 -> 3.5857266 | Y27: =+INT(X27)-INT(X26) -> 0 | Z27: =1*(I27>0) -> 1 | AA27: =IF(B27=B26,AA26,COUNTIFS(B:B,B27,I:I,">0")) -> 51 | AB27: =+I27*MIN(1,$D$5/AA27) -> 0.29411765 | AC27: =+AB27+AC26 -> 5.2698523 | AD27: =+INT(AC27)-INT(AC26) -> 1 | AE27: =+(J27>0)+(I27>0) -> 1 | AF27: =+COUNTIFS(B:B,B27,AE:AE,AE27) -> 45 | AG27: =IF(OR(AF27=0,AE27=0),0,IF(AE27=2,ROUND(MIN($D$5*(AF27^$F$5)/(AF27^$F$5+(AA27-AF27)^$F$5),AF27),0),IF(AF27=0,0,MIN($D$5,AA27)-IF(AA27=AF27,0,ROUND(MIN((AE27>0)*$D$5*((AA27-AF27)^$F$5)/((AA27-AF27)^$F$5+AF27^$F$5),AA27-AF27),0))))) -> 9 | AH27: =+MIN(1,AG27/AF27) -> 0.2 | AI27: =+AH27+AI26 -> 8.281617 | AJ27: =+INT(AI27)-INT(AI26) -> 0 | AM27: 0.7 | AN27: 0.49624863 | AO27: 0.47388824 | AP27: 0.44781034 | AQ27: 0.42406187 | AR27: 0.4028063 | AT27: 0.50144328 | AU27: 0.48771986 | AV27: 0.44781034 | AW27: 0.39313484 | AX27: 0.34247672
A28: Stratum 1 | B28: PSU 1 | C28: =+C27+1 -> 13 | D28: =1+D27 -> 18 | E28: =1+E27 -> 20 | F28: AA BB | G28: CC DDDD | H28: 5 | I28: 1 | J28: 0 | L28: 1 | M28: =+W28 -> 0.20547945 | N28: =+IF(Y28=1,Y28,"") | O28: =+Z28 -> 1 | P28: =+AB28 -> 0.29411765 | Q28: =IF(AD28=1,AD28,"") | R28: =+AE28 -> 1 | S28: =+AH28 -> 0.2 | T28: =IF(AJ28=1,AJ28,"") | V28: =+IF(B28=B27,V27,COUNTIFS(B:B,B28,H:H,">0")) -> 73 | W28: =+MIN(1,$D$5/V28) -> 0.20547945 | X28: =+W28+X27 -> 3.791206 | Y28: =+INT(X28)-INT(X27) -> 0 | Z28: =1*(I28>0) -> 1 | AA28: =IF(B28=B27,AA27,COUNTIFS(B:B,B28,I:I,">0")) -> 51 | AB28: =+I28*MIN(1,$D$5/AA28) -> 0.29411765 | AC28: =+AB28+AC27 -> 5.5639699 | AD28: =+INT(AC28)-INT(AC27) -> 0 | AE28: =+(J28>0)+(I28>0) -> 1 | AF28: =+COUNTIFS(B:B,B28,AE:AE,AE28) -> 45 | AG28: =IF(OR(AF28=0,AE28=0),0,IF(AE28=2,ROUND(MIN($D$5*(AF28^$F$5)/(AF28^$F$5+(AA28-AF28)^$F$5),AF28),0),IF(AF28=0,0,MIN($D$5,AA28)-IF(AA28=AF28,0,ROUND(MIN((AE28>0)*$D$5*((AA28-AF28)^$F$5)/((AA28-AF28)^$F$5+AF28^$F$5),AA28-AF28),0))))) -> 9 | AH28: =+MIN(1,AG28/AF28) -> 0.2 | AI28: =+AH28+AI27 -> 8.481617 | AJ28: =+INT(AI28)-INT(AI27) -> 0 | AM28: 0.8 | AN28: 0.49542931 | AO28: 0.47002937 | AP28: 0.44077816 | AQ28: 0.41464143 | AR28: 0.39180527 | AT28: 0.50136039 | AU28: 0.48571391 | AV28: 0.44077816 | AW28: 0.38163403 | AX28: 0.33162262
A29: Stratum 1 | B29: PSU 1 | C29: =+C28+1 -> 14 | D29: =1+D28 -> 19 | E29: =1+E28 -> 21 | F29: AA BB | G29: CC DDDD | H29: 1 | I29: 1 | J29: 0 | L29: 1 | M29: =+W29 -> 0.20547945 | N29: =+IF(Y29=1,Y29,"") | O29: =+Z29 -> 1 | P29: =+AB29 -> 0.29411765 | Q29: =IF(AD29=1,AD29,"") | R29: =+AE29 -> 1 | S29: =+AH29 -> 0.2 | T29: =IF(AJ29=1,AJ29,"") | V29: =+IF(B29=B28,V28,COUNTIFS(B:B,B29,H:H,">0")) -> 73 | W29: =+MIN(1,$D$5/V29) -> 0.20547945 | X29: =+W29+X28 -> 3.9966855 | Y29: =+INT(X29)-INT(X28) -> 0 | Z29: =1*(I29>0) -> 1 | AA29: =IF(B29=B28,AA28,COUNTIFS(B:B,B29,I:I,">0")) -> 51 | AB29: =+I29*MIN(1,$D$5/AA29) -> 0.29411765 | AC29: =+AB29+AC28 -> 5.8580876 | AD29: =+INT(AC29)-INT(AC28) -> 0 | AE29: =+(J29>0)+(I29>0) -> 1 | AF29: =+COUNTIFS(B:B,B29,AE:AE,AE29) -> 45 | AG29: =IF(OR(AF29=0,AE29=0),0,IF(AE29=2,ROUND(MIN($D$5*(AF29^$F$5)/(AF29^$F$5+(AA29-AF29)^$F$5),AF29),0),IF(AF29=0,0,MIN($D$5,AA29)-IF(AA29=AF29,0,ROUND(MIN((AE29>0)*$D$5*((AA29-AF29)^$F$5)/((AA29-AF29)^$F$5+AF29^$F$5),AA29-AF29),0))))) -> 9 | AH29: =+MIN(1,AG29/AF29) -> 0.2 | AI29: =+AH29+AI28 -> 8.681617 | AJ29: =+INT(AI29)-INT(AI28) -> 0 | AM29: 0.9 | AN29: 0.49461146 | AO29: 0.46621359 | AP29: 0.43394154 | AQ29: 0.40568694 | AR29: 0.38163403 | AT29: 0.50127751 | AU29: 0.48371774 | AV29: 0.43394154 | AW29: 0.37116569 | AX29: 0.32300088
A30: Stratum 1 | B30: PSU 1 | C30: =+C29+1 -> 15 | D30: =1+D29 -> 20 | E30: =1+E29 -> 22 | F30: AA BB | G30: CC DDDD | H30: 2 | I30: 1 | J30: 0 | L30: 1 | M30: =+W30 -> 0.20547945 | N30: =+IF(Y30=1,Y30,"") -> 1 | O30: =+Z30 -> 1 | P30: =+AB30 -> 0.29411765 | Q30: =IF(AD30=1,AD30,"") -> 1 | R30: =+AE30 -> 1 | S30: =+AH30 -> 0.2 | T30: =IF(AJ30=1,AJ30,"") | V30: =+IF(B30=B29,V29,COUNTIFS(B:B,B30,H:H,">0")) -> 73 | W30: =+MIN(1,$D$5/V30) -> 0.20547945 | X30: =+W30+X29 -> 4.2021649 | Y30: =+INT(X30)-INT(X29) -> 1 | Z30: =1*(I30>0) -> 1 | AA30: =IF(B30=B29,AA29,COUNTIFS(B:B,B30,I:I,">0")) -> 51 | AB30: =+I30*MIN(1,$D$5/AA30) -> 0.29411765 | AC30: =+AB30+AC29 -> 6.1522052 | AD30: =+INT(AC30)-INT(AC29) -> 1 | AE30: =+(J30>0)+(I30>0) -> 1 | AF30: =+COUNTIFS(B:B,B30,AE:AE,AE30) -> 45 | AG30: =IF(OR(AF30=0,AE30=0),0,IF(AE30=2,ROUND(MIN($D$5*(AF30^$F$5)/(AF30^$F$5+(AA30-AF30)^$F$5),AF30),0),IF(AF30=0,0,MIN($D$5,AA30)-IF(AA30=AF30,0,ROUND(MIN((AE30>0)*$D$5*((AA30-AF30)^$F$5)/((AA30-AF30)^$F$5+AF30^$F$5),AA30-AF30),0))))) -> 9 | AH30: =+MIN(1,AG30/AF30) -> 0.2 | AI30: =+AH30+AI29 -> 8.881617 | AJ30: =+INT(AI30)-INT(AI29) -> 0 | AM30: 1 | AN30: 0.49379507 | AO30: 0.46244177 | AP30: 0.4273045 | AQ30: 0.39720156 | AR30: 0.37227875 | AT30: 0.50119465 | AU30: 0.4817315 | AV30: 0.4273045 | AW30: 0.3616977 | AX30: 0.31625307
A31: Stratum 1 | B31: PSU 1 | C31: =+C30+1 -> 16 | D31: =1+D30 -> 21 | E31: =1+E30 -> 23 | F31: AA BB | G31: CC DDDD | H31: 7 | I31: 1 | J31: 0 | L31: 1 | M31: =+W31 -> 0.20547945 | N31: =+IF(Y31=1,Y31,"") | O31: =+Z31 -> 1 | P31: =+AB31 -> 0.29411765 | Q31: =IF(AD31=1,AD31,"") | R31: =+AE31 -> 1 | S31: =+AH31 -> 0.2 | T31: =IF(AJ31=1,AJ31,"") -> 1 | V31: =+IF(B31=B30,V30,COUNTIFS(B:B,B31,H:H,">0")) -> 73 | W31: =+MIN(1,$D$5/V31) -> 0.20547945 | X31: =+W31+X30 -> 4.4076444 | Y31: =+INT(X31)-INT(X30) -> 0 | Z31: =1*(I31>0) -> 1 | AA31: =IF(B31=B30,AA30,COUNTIFS(B:B,B31,I:I,">0")) -> 51 | AB31: =+I31*MIN(1,$D$5/AA31) -> 0.29411765 | AC31: =+AB31+AC30 -> 6.4463229 | AD31: =+INT(AC31)-INT(AC30) -> 0 | AE31: =+(J31>0)+(I31>0) -> 1 | AF31: =+COUNTIFS(B:B,B31,AE:AE,AE31) -> 45 | AG31: =IF(OR(AF31=0,AE31=0),0,IF(AE31=2,ROUND(MIN($D$5*(AF31^$F$5)/(AF31^$F$5+(AA31-AF31)^$F$5),AF31),0),IF(AF31=0,0,MIN($D$5,AA31)-IF(AA31=AF31,0,ROUND(MIN((AE31>0)*$D$5*((AA31-AF31)^$F$5)/((AA31-AF31)^$F$5+AF31^$F$5),AA31-AF31),0))))) -> 9 | AH31: =+MIN(1,AG31/AF31) -> 0.2 | AI31: =+AH31+AI30 -> 9.081617 | AJ31: =+INT(AI31)-INT(AI30) -> 1
A32: Stratum 1 | B32: PSU 1 | C32: =+C31+1 -> 17 | D32: =1+D31 -> 22 | E32: =1+E31 -> 24 | F32: AA BB | G32: CC DDDD | H32: 4 | I32: 1 | J32: 0 | L32: 1 | M32: =+W32 -> 0.20547945 | N32: =+IF(Y32=1,Y32,"") | O32: =+Z32 -> 1 | P32: =+AB32 -> 0.29411765 | Q32: =IF(AD32=1,AD32,"") | R32: =+AE32 -> 1 | S32: =+AH32 -> 0.2 | T32: =IF(AJ32=1,AJ32,"") | V32: =+IF(B32=B31,V31,COUNTIFS(B:B,B32,H:H,">0")) -> 73 | W32: =+MIN(1,$D$5/V32) -> 0.20547945 | X32: =+W32+X31 -> 4.6131238 | Y32: =+INT(X32)-INT(X31) -> 0 | Z32: =1*(I32>0) -> 1 | AA32: =IF(B32=B31,AA31,COUNTIFS(B:B,B32,I:I,">0")) -> 51 | AB32: =+I32*MIN(1,$D$5/AA32) -> 0.29411765 | AC32: =+AB32+AC31 -> 6.7404405 | AD32: =+INT(AC32)-INT(AC31) -> 0 | AE32: =+(J32>0)+(I32>0) -> 1 | AF32: =+COUNTIFS(B:B,B32,AE:AE,AE32) -> 45 | AG32: =IF(OR(AF32=0,AE32=0),0,IF(AE32=2,ROUND(MIN($D$5*(AF32^$F$5)/(AF32^$F$5+(AA32-AF32)^$F$5),AF32),0),IF(AF32=0,0,MIN($D$5,AA32)-IF(AA32=AF32,0,ROUND(MIN((AE32>0)*$D$5*((AA32-AF32)^$F$5)/((AA32-AF32)^$F$5+AF32^$F$5),AA32-AF32),0))))) -> 9 | AH32: =+MIN(1,AG32/AF32) -> 0.2 | AI32: =+AH32+AI31 -> 9.281617 | AJ32: =+INT(AI32)-INT(AI31) -> 0
A33: Stratum 1 | B33: PSU 1 | C33: =+C32+1 -> 18 | D33: =1+D32 -> 23 | E33: =1+E32 -> 25 | F33: AA BB | G33: CC DDDD | H33: 2 | I33: 1 | J33: 0 | L33: 1 | M33: =+W33 -> 0.20547945 | N33: =+IF(Y33=1,Y33,"") | O33: =+Z33 -> 1 | P33: =+AB33 -> 0.29411765 | Q33: =IF(AD33=1,AD33,"") -> 1 | R33: =+AE33 -> 1 | S33: =+AH33 -> 0.2 | T33: =IF(AJ33=1,AJ33,"") | V33: =+IF(B33=B32,V32,COUNTIFS(B:B,B33,H:H,">0")) -> 73 | W33: =+MIN(1,$D$5/V33) -> 0.20547945 | X33: =+W33+X32 -> 4.8186033 | Y33: =+INT(X33)-INT(X32) -> 0 | Z33: =1*(I33>0) -> 1 | AA33: =IF(B33=B32,AA32,COUNTIFS(B:B,B33,I:I,">0")) -> 51 | AB33: =+I33*MIN(1,$D$5/AA33) -> 0.29411765 | AC33: =+AB33+AC32 -> 7.0345582 | AD33: =+INT(AC33)-INT(AC32) -> 1 | AE33: =+(J33>0)+(I33>0) -> 1 | AF33: =+COUNTIFS(B:B,B33,AE:AE,AE33) -> 45 | AG33: =IF(OR(AF33=0,AE33=0),0,IF(AE33=2,ROUND(MIN($D$5*(AF33^$F$5)/(AF33^$F$5+(AA33-AF33)^$F$5),AF33),0),IF(AF33=0,0,MIN($D$5,AA33)-IF(AA33=AF33,0,ROUND(MIN((AE33>0)*$D$5*((AA33-AF33)^$F$5)/((AA33-AF33)^$F$5+AF33^$F$5),AA33-AF33),0))))) -> 9 | AH33: =+MIN(1,AG33/AF33) -> 0.2 | AI33: =+AH33+AI32 -> 9.481617 | AJ33: =+INT(AI33)-INT(AI32) -> 0
A34: Stratum 1 | B34: PSU 1 | C34: =+C33+1 -> 19 | D34: =1+D33 -> 24 | E34: =1+E33 -> 26 | F34: AA BB | G34: CC DDDD | H34: 3 | I34: 1 | J34: 0 | L34: 1 | M34: =+W34 -> 0.20547945 | N34: =+IF(Y34=1,Y34,"") -> 1 | O34: =+Z34 -> 1 | P34: =+AB34 -> 0.29411765 | Q34: =IF(AD34=1,AD34,"") | R34: =+AE34 -> 1 | S34: =+AH34 -> 0.2 | T34: =IF(AJ34=1,AJ34,"") | V34: =+IF(B34=B33,V33,COUNTIFS(B:B,B34,H:H,">0")) -> 73 | W34: =+MIN(1,$D$5/V34) -> 0.20547945 | X34: =+W34+X33 -> 5.0240828 | Y34: =+INT(X34)-INT(X33) -> 1 | Z34: =1*(I34>0) -> 1 | AA34: =IF(B34=B33,AA33,COUNTIFS(B:B,B34,I:I,">0")) -> 51 | AB34: =+I34*MIN(1,$D$5/AA34) -> 0.29411765 | AC34: =+AB34+AC33 -> 7.3286758 | AD34: =+INT(AC34)-INT(AC33) -> 0 | AE34: =+(J34>0)+(I34>0) -> 1 | AF34: =+COUNTIFS(B:B,B34,AE:AE,AE34) -> 45 | AG34: =IF(OR(AF34=0,AE34=0),0,IF(AE34=2,ROUND(MIN($D$5*(AF34^$F$5)/(AF34^$F$5+(AA34-AF34)^$F$5),AF34),0),IF(AF34=0,0,MIN($D$5,AA34)-IF(AA34=AF34,0,ROUND(MIN((AE34>0)*$D$5*((AA34-AF34)^$F$5)/((AA34-AF34)^$F$5+AF34^$F$5),AA34-AF34),0))))) -> 9 | AH34: =+MIN(1,AG34/AF34) -> 0.2 | AI34: =+AH34+AI33 -> 9.681617 | AJ34: =+INT(AI34)-INT(AI33) -> 0
A35: Stratum 1 | B35: PSU 1 | C35: =+C34+1 -> 20 | D35: =1+D34 -> 25 | E35: =1+E34 -> 27 | F35: AA BB | G35: CC DDDD | H35: 3 | I35: 1 | J35: 0 | L35: 1 | M35: =+W35 -> 0.20547945 | N35: =+IF(Y35=1,Y35,"") | O35: =+Z35 -> 1 | P35: =+AB35 -> 0.29411765 | Q35: =IF(AD35=1,AD35,"") | R35: =+AE35 -> 1 | S35: =+AH35 -> 0.2 | T35: =IF(AJ35=1,AJ35,"") | V35: =+IF(B35=B34,V34,COUNTIFS(B:B,B35,H:H,">0")) -> 73 | W35: =+MIN(1,$D$5/V35) -> 0.20547945 | X35: =+W35+X34 -> 5.2295622 | Y35: =+INT(X35)-INT(X34) -> 0 | Z35: =1*(I35>0) -> 1 | AA35: =IF(B35=B34,AA34,COUNTIFS(B:B,B35,I:I,">0")) -> 51 | AB35: =+I35*MIN(1,$D$5/AA35) -> 0.29411765 | AC35: =+AB35+AC34 -> 7.6227935 | AD35: =+INT(AC35)-INT(AC34) -> 0 | AE35: =+(J35>0)+(I35>0) -> 1 | AF35: =+COUNTIFS(B:B,B35,AE:AE,AE35) -> 45 | AG35: =IF(OR(AF35=0,AE35=0),0,IF(AE35=2,ROUND(MIN($D$5*(AF35^$F$5)/(AF35^$F$5+(AA35-AF35)^$F$5),AF35),0),IF(AF35=0,0,MIN($D$5,AA35)-IF(AA35=AF35,0,ROUND(MIN((AE35>0)*$D$5*((AA35-AF35)^$F$5)/((AA35-AF35)^$F$5+AF35^$F$5),AA35-AF35),0))))) -> 9 | AH35: =+MIN(1,AG35/AF35) -> 0.2 | AI35: =+AH35+AI34 -> 9.881617 | AJ35: =+INT(AI35)-INT(AI34) -> 0
A36: Stratum 1 | B36: PSU 1 | C36: 20 | D36: 25 | E36: =1+E35 -> 28 | F36: AA BB | G36: CC DDDD | H36: 1 | I36: 1 | J36: 0 | L36: 1 | M36: =+W36 -> 0.20547945 | N36: =+IF(Y36=1,Y36,"") | O36: =+Z36 -> 1 | P36: =+AB36 -> 0.29411765 | Q36: =IF(AD36=1,AD36,"") | R36: =+AE36 -> 1 | S36: =+AH36 -> 0.2 | T36: =IF(AJ36=1,AJ36,"") -> 1 | V36: =+IF(B36=B35,V35,COUNTIFS(B:B,B36,H:H,">0")) -> 73 | W36: =+MIN(1,$D$5/V36) -> 0.20547945 | X36: =+W36+X35 -> 5.4350417 | Y36: =+INT(X36)-INT(X35) -> 0 | Z36: =1*(I36>0) -> 1 | AA36: =IF(B36=B35,AA35,COUNTIFS(B:B,B36,I:I,">0")) -> 51 | AB36: =+I36*MIN(1,$D$5/AA36) -> 0.29411765 | AC36: =+AB36+AC35 -> 7.9169111 | AD36: =+INT(AC36)-INT(AC35) -> 0 | AE36: =+(J36>0)+(I36>0) -> 1 | AF36: =+COUNTIFS(B:B,B36,AE:AE,AE36) -> 45 | AG36: =IF(OR(AF36=0,AE36=0),0,IF(AE36=2,ROUND(MIN($D$5*(AF36^$F$5)/(AF36^$F$5+(AA36-AF36)^$F$5),AF36),0),IF(AF36=0,0,MIN($D$5,AA36)-IF(AA36=AF36,0,ROUND(MIN((AE36>0)*$D$5*((AA36-AF36)^$F$5)/((AA36-AF36)^$F$5+AF36^$F$5),AA36-AF36),0))))) -> 9 | AH36: =+MIN(1,AG36/AF36) -> 0.2 | AI36: =+AH36+AI35 -> 10.081617 | AJ36: =+INT(AI36)-INT(AI35) -> 1
A37: Stratum 1 | B37: PSU 1 | C37: 20 | D37: 25 | E37: =1+E36 -> 29 | F37: AA BB | G37: CC DDDD | H37: 5 | I37: 1 | J37: 0 | L37: 1 | M37: =+W37 -> 0.20547945 | N37: =+IF(Y37=1,Y37,"") | O37: =+Z37 -> 1 | P37: =+AB37 -> 0.29411765 | Q37: =IF(AD37=1,AD37,"") -> 1 | R37: =+AE37 -> 1 | S37: =+AH37 -> 0.2 | T37: =IF(AJ37=1,AJ37,"") | V37: =+IF(B37=B36,V36,COUNTIFS(B:B,B37,H:H,">0")) -> 73 | W37: =+MIN(1,$D$5/V37) -> 0.20547945 | X37: =+W37+X36 -> 5.6405211 | Y37: =+INT(X37)-INT(X36) -> 0 | Z37: =1*(I37>0) -> 1 | AA37: =IF(B37=B36,AA36,COUNTIFS(B:B,B37,I:I,">0")) -> 51 | AB37: =+I37*MIN(1,$D$5/AA37) -> 0.29411765 | AC37: =+AB37+AC36 -> 8.2110288 | AD37: =+INT(AC37)-INT(AC36) -> 1 | AE37: =+(J37>0)+(I37>0) -> 1 | AF37: =+COUNTIFS(B:B,B37,AE:AE,AE37) -> 45 | AG37: =IF(OR(AF37=0,AE37=0),0,IF(AE37=2,ROUND(MIN($D$5*(AF37^$F$5)/(AF37^$F$5+(AA37-AF37)^$F$5),AF37),0),IF(AF37=0,0,MIN($D$5,AA37)-IF(AA37=AF37,0,ROUND(MIN((AE37>0)*$D$5*((AA37-AF37)^$F$5)/((AA37-AF37)^$F$5+AF37^$F$5),AA37-AF37),0))))) -> 9 | AH37: =+MIN(1,AG37/AF37) -> 0.2 | AI37: =+AH37+AI36 -> 10.281617 | AJ37: =+INT(AI37)-INT(AI36) -> 0
A38: Stratum 1 | B38: PSU 1 | C38: 20 | D38: =1+D37 -> 26 | E38: =1+E37 -> 30 | F38: AA BB | G38: CC DDDD | H38: 3 | I38: 1 | J38: 0 | L38: 1 | M38: =+W38 -> 0.20547945 | N38: =+IF(Y38=1,Y38,"") | O38: =+Z38 -> 1 | P38: =+AB38 -> 0.29411765 | Q38: =IF(AD38=1,AD38,"") | R38: =+AE38 -> 1 | S38: =+AH38 -> 0.2 | T38: =IF(AJ38=1,AJ38,"") | V38: =+IF(B38=B37,V37,COUNTIFS(B:B,B38,H:H,">0")) -> 73 | W38: =+MIN(1,$D$5/V38) -> 0.20547945 | X38: =+W38+X37 -> 5.8460006 | Y38: =+INT(X38)-INT(X37) -> 0 | Z38: =1*(I38>0) -> 1 | AA38: =IF(B38=B37,AA37,COUNTIFS(B:B,B38,I:I,">0")) -> 51 | AB38: =+I38*MIN(1,$D$5/AA38) -> 0.29411765 | AC38: =+AB38+AC37 -> 8.5051464 | AD38: =+INT(AC38)-INT(AC37) -> 0 | AE38: =+(J38>0)+(I38>0) -> 1 | AF38: =+COUNTIFS(B:B,B38,AE:AE,AE38) -> 45 | AG38: =IF(OR(AF38=0,AE38=0),0,IF(AE38=2,ROUND(MIN($D$5*(AF38^$F$5)/(AF38^$F$5+(AA38-AF38)^$F$5),AF38),0),IF(AF38=0,0,MIN($D$5,AA38)-IF(AA38=AF38,0,ROUND(MIN((AE38>0)*$D$5*((AA38-AF38)^$F$5)/((AA38-AF38)^$F$5+AF38^$F$5),AA38-AF38),0))))) -> 9 | AH38: =+MIN(1,AG38/AF38) -> 0.2 | AI38: =+AH38+AI37 -> 10.481617 | AJ38: =+INT(AI38)-INT(AI37) -> 0
A39: Stratum 1 | B39: PSU 1 | C39: 20 | D39: =1+D38 -> 27 | E39: =1+E38 -> 31 | F39: AA BB | G39: CC DDDD | H39: 2 | I39: 1 | J39: 0 | L39: 1 | M39: =+W39 -> 0.20547945 | N39: =+IF(Y39=1,Y39,"") -> 1 | O39: =+Z39 -> 1 | P39: =+AB39 -> 0.29411765 | Q39: =IF(AD39=1,AD39,"") | R39: =+AE39 -> 1 | S39: =+AH39 -> 0.2 | T39: =IF(AJ39=1,AJ39,"") | V39: =+IF(B39=B38,V38,COUNTIFS(B:B,B39,H:H,">0")) -> 73 | W39: =+MIN(1,$D$5/V39) -> 0.20547945 | X39: =+W39+X38 -> 6.05148 | Y39: =+INT(X39)-INT(X38) -> 1 | Z39: =1*(I39>0) -> 1 | AA39: =IF(B39=B38,AA38,COUNTIFS(B:B,B39,I:I,">0")) -> 51 | AB39: =+I39*MIN(1,$D$5/AA39) -> 0.29411765 | AC39: =+AB39+AC38 -> 8.7992641 | AD39: =+INT(AC39)-INT(AC38) -> 0 | AE39: =+(J39>0)+(I39>0) -> 1 | AF39: =+COUNTIFS(B:B,B39,AE:AE,AE39) -> 45 | AG39: =IF(OR(AF39=0,AE39=0),0,IF(AE39=2,ROUND(MIN($D$5*(AF39^$F$5)/(AF39^$F$5+(AA39-AF39)^$F$5),AF39),0),IF(AF39=0,0,MIN($D$5,AA39)-IF(AA39=AF39,0,ROUND(MIN((AE39>0)*$D$5*((AA39-AF39)^$F$5)/((AA39-AF39)^$F$5+AF39^$F$5),AA39-AF39),0))))) -> 9 | AH39: =+MIN(1,AG39/AF39) -> 0.2 | AI39: =+AH39+AI38 -> 10.681617 | AJ39: =+INT(AI39)-INT(AI38) -> 0
A40: Stratum 1 | B40: PSU 1 | C40: =+C39+1 -> 21 | D40: =1+D39 -> 28 | E40: =1+E39 -> 32 | F40: AA BB | G40: CC DDDD | H40: 5 | I40: 1 | J40: 0 | L40: 1 | M40: =+W40 -> 0.20547945 | N40: =+IF(Y40=1,Y40,"") | O40: =+Z40 -> 1 | P40: =+AB40 -> 0.29411765 | Q40: =IF(AD40=1,AD40,"") -> 1 | R40: =+AE40 -> 1 | S40: =+AH40 -> 0.2 | T40: =IF(AJ40=1,AJ40,"") | V40: =+IF(B40=B39,V39,COUNTIFS(B:B,B40,H:H,">0")) -> 73 | W40: =+MIN(1,$D$5/V40) -> 0.20547945 | X40: =+W40+X39 -> 6.2569595 | Y40: =+INT(X40)-INT(X39) -> 0 | Z40: =1*(I40>0) -> 1 | AA40: =IF(B40=B39,AA39,COUNTIFS(B:B,B40,I:I,">0")) -> 51 | AB40: =+I40*MIN(1,$D$5/AA40) -> 0.29411765 | AC40: =+AB40+AC39 -> 9.0933817 | AD40: =+INT(AC40)-INT(AC39) -> 1 | AE40: =+(J40>0)+(I40>0) -> 1 | AF40: =+COUNTIFS(B:B,B40,AE:AE,AE40) -> 45 | AG40: =IF(OR(AF40=0,AE40=0),0,IF(AE40=2,ROUND(MIN($D$5*(AF40^$F$5)/(AF40^$F$5+(AA40-AF40)^$F$5),AF40),0),IF(AF40=0,0,MIN($D$5,AA40)-IF(AA40=AF40,0,ROUND(MIN((AE40>0)*$D$5*((AA40-AF40)^$F$5)/((AA40-AF40)^$F$5+AF40^$F$5),AA40-AF40),0))))) -> 9 | AH40: =+MIN(1,AG40/AF40) -> 0.2 | AI40: =+AH40+AI39 -> 10.881617 | AJ40: =+INT(AI40)-INT(AI39) -> 0
A41: Stratum 1 | B41: PSU 1 | C41: =+C40+1 -> 22 | D41: =1+D40 -> 29 | E41: =1+E40 -> 33 | F41: AA BB | G41: CC DDDD | H41: 7 | I41: 1 | J41: 0 | L41: 1 | M41: =+W41 -> 0.20547945 | N41: =+IF(Y41=1,Y41,"") | O41: =+Z41 -> 1 | P41: =+AB41 -> 0.29411765 | Q41: =IF(AD41=1,AD41,"") | R41: =+AE41 -> 1 | S41: =+AH41 -> 0.2 | T41: =IF(AJ41=1,AJ41,"") -> 1 | V41: =+IF(B41=B40,V40,COUNTIFS(B:B,B41,H:H,">0")) -> 73 | W41: =+MIN(1,$D$5/V41) -> 0.20547945 | X41: =+W41+X40 -> 6.4624389 | Y41: =+INT(X41)-INT(X40) -> 0 | Z41: =1*(I41>0) -> 1 | AA41: =IF(B41=B40,AA40,COUNTIFS(B:B,B41,I:I,">0")) -> 51 | AB41: =+I41*MIN(1,$D$5/AA41) -> 0.29411765 | AC41: =+AB41+AC40 -> 9.3874994 | AD41: =+INT(AC41)-INT(AC40) -> 0 | AE41: =+(J41>0)+(I41>0) -> 1 | AF41: =+COUNTIFS(B:B,B41,AE:AE,AE41) -> 45 | AG41: =IF(OR(AF41=0,AE41=0),0,IF(AE41=2,ROUND(MIN($D$5*(AF41^$F$5)/(AF41^$F$5+(AA41-AF41)^$F$5),AF41),0),IF(AF41=0,0,MIN($D$5,AA41)-IF(AA41=AF41,0,ROUND(MIN((AE41>0)*$D$5*((AA41-AF41)^$F$5)/((AA41-AF41)^$F$5+AF41^$F$5),AA41-AF41),0))))) -> 9 | AH41: =+MIN(1,AG41/AF41) -> 0.2 | AI41: =+AH41+AI40 -> 11.081617 | AJ41: =+INT(AI41)-INT(AI40) -> 1
A42: Stratum 1 | B42: PSU 1 | C42: =+C41+1 -> 23 | D42: =1+D41 -> 30 | E42: =1+E41 -> 34 | F42: AA BB | G42: CC DDDD | H42: 3 | I42: 1 | J42: 0 | L42: 1 | M42: =+W42 -> 0.20547945 | N42: =+IF(Y42=1,Y42,"") | O42: =+Z42 -> 1 | P42: =+AB42 -> 0.29411765 | Q42: =IF(AD42=1,AD42,"") | R42: =+AE42 -> 1 | S42: =+AH42 -> 0.2 | T42: =IF(AJ42=1,AJ42,"") | V42: =+IF(B42=B41,V41,COUNTIFS(B:B,B42,H:H,">0")) -> 73 | W42: =+MIN(1,$D$5/V42) -> 0.20547945 | X42: =+W42+X41 -> 6.6679184 | Y42: =+INT(X42)-INT(X41) -> 0 | Z42: =1*(I42>0) -> 1 | AA42: =IF(B42=B41,AA41,COUNTIFS(B:B,B42,I:I,">0")) -> 51 | AB42: =+I42*MIN(1,$D$5/AA42) -> 0.29411765 | AC42: =+AB42+AC41 -> 9.681617 | AD42: =+INT(AC42)-INT(AC41) -> 0 | AE42: =+(J42>0)+(I42>0) -> 1 | AF42: =+COUNTIFS(B:B,B42,AE:AE,AE42) -> 45 | AG42: =IF(OR(AF42=0,AE42=0),0,IF(AE42=2,ROUND(MIN($D$5*(AF42^$F$5)/(AF42^$F$5+(AA42-AF42)^$F$5),AF42),0),IF(AF42=0,0,MIN($D$5,AA42)-IF(AA42=AF42,0,ROUND(MIN((AE42>0)*$D$5*((AA42-AF42)^$F$5)/((AA42-AF42)^$F$5+AF42^$F$5),AA42-AF42),0))))) -> 9 | AH42: =+MIN(1,AG42/AF42) -> 0.2 | AI42: =+AH42+AI41 -> 11.281617 | AJ42: =+INT(AI42)-INT(AI41) -> 0
A43: Stratum 1 | B43: PSU 1 | C43: =+C42+1 -> 24 | D43: =1+D42 -> 31 | E43: =1+E42 -> 35 | F43: AA BB | G43: CC DDDD | H43: 7 | I43: 1 | J43: 0 | L43: 1 | M43: =+W43 -> 0.20547945 | N43: =+IF(Y43=1,Y43,"") | O43: =+Z43 -> 1 | P43: =+AB43 -> 0.29411765 | Q43: =IF(AD43=1,AD43,"") | R43: =+AE43 -> 1 | S43: =+AH43 -> 0.2 | T43: =IF(AJ43=1,AJ43,"") | V43: =+IF(B43=B42,V42,COUNTIFS(B:B,B43,H:H,">0")) -> 73 | W43: =+MIN(1,$D$5/V43) -> 0.20547945 | X43: =+W43+X42 -> 6.8733978 | Y43: =+INT(X43)-INT(X42) -> 0 | Z43: =1*(I43>0) -> 1 | AA43: =IF(B43=B42,AA42,COUNTIFS(B:B,B43,I:I,">0")) -> 51 | AB43: =+I43*MIN(1,$D$5/AA43) -> 0.29411765 | AC43: =+AB43+AC42 -> 9.9757346 | AD43: =+INT(AC43)-INT(AC42) -> 0 | AE43: =+(J43>0)+(I43>0) -> 1 | AF43: =+COUNTIFS(B:B,B43,AE:AE,AE43) -> 45 | AG43: =IF(OR(AF43=0,AE43=0),0,IF(AE43=2,ROUND(MIN($D$5*(AF43^$F$5)/(AF43^$F$5+(AA43-AF43)^$F$5),AF43),0),IF(AF43=0,0,MIN($D$5,AA43)-IF(AA43=AF43,0,ROUND(MIN((AE43>0)*$D$5*((AA43-AF43)^$F$5)/((AA43-AF43)^$F$5+AF43^$F$5),AA43-AF43),0))))) -> 9 | AH43: =+MIN(1,AG43/AF43) -> 0.2 | AI43: =+AH43+AI42 -> 11.481617 | AJ43: =+INT(AI43)-INT(AI42) -> 0
A44: Stratum 1 | B44: PSU 1 | C44: =+C43+1 -> 25 | D44: =1+D43 -> 32 | E44: =1+E43 -> 36 | F44: AA BB | G44: CC DDDD | H44: 7 | I44: 1 | J44: 0 | L44: 1 | M44: =+W44 -> 0.20547945 | N44: =+IF(Y44=1,Y44,"") -> 1 | O44: =+Z44 -> 1 | P44: =+AB44 -> 0.29411765 | Q44: =IF(AD44=1,AD44,"") -> 1 | R44: =+AE44 -> 1 | S44: =+AH44 -> 0.2 | T44: =IF(AJ44=1,AJ44,"") | V44: =+IF(B44=B43,V43,COUNTIFS(B:B,B44,H:H,">0")) -> 73 | W44: =+MIN(1,$D$5/V44) -> 0.20547945 | X44: =+W44+X43 -> 7.0788773 | Y44: =+INT(X44)-INT(X43) -> 1 | Z44: =1*(I44>0) -> 1 | AA44: =IF(B44=B43,AA43,COUNTIFS(B:B,B44,I:I,">0")) -> 51 | AB44: =+I44*MIN(1,$D$5/AA44) -> 0.29411765 | AC44: =+AB44+AC43 -> 10.269852 | AD44: =+INT(AC44)-INT(AC43) -> 1 | AE44: =+(J44>0)+(I44>0) -> 1 | AF44: =+COUNTIFS(B:B,B44,AE:AE,AE44) -> 45 | AG44: =IF(OR(AF44=0,AE44=0),0,IF(AE44=2,ROUND(MIN($D$5*(AF44^$F$5)/(AF44^$F$5+(AA44-AF44)^$F$5),AF44),0),IF(AF44=0,0,MIN($D$5,AA44)-IF(AA44=AF44,0,ROUND(MIN((AE44>0)*$D$5*((AA44-AF44)^$F$5)/((AA44-AF44)^$F$5+AF44^$F$5),AA44-AF44),0))))) -> 9 | AH44: =+MIN(1,AG44/AF44) -> 0.2 | AI44: =+AH44+AI43 -> 11.681617 | AJ44: =+INT(AI44)-INT(AI43) -> 0
A45: Stratum 1 | B45: PSU 1 | C45: =+C44+1 -> 26 | D45: =1+D44 -> 33 | E45: =1+E44 -> 37 | F45: AA BB | G45: CC DDDD | H45: 2 | I45: 1 | J45: 0 | L45: 1 | M45: =+W45 -> 0.20547945 | N45: =+IF(Y45=1,Y45,"") | O45: =+Z45 -> 1 | P45: =+AB45 -> 0.29411765 | Q45: =IF(AD45=1,AD45,"") | R45: =+AE45 -> 1 | S45: =+AH45 -> 0.2 | T45: =IF(AJ45=1,AJ45,"") | V45: =+IF(B45=B44,V44,COUNTIFS(B:B,B45,H:H,">0")) -> 73 | W45: =+MIN(1,$D$5/V45) -> 0.20547945 | X45: =+W45+X44 -> 7.2843567 | Y45: =+INT(X45)-INT(X44) -> 0 | Z45: =1*(I45>0) -> 1 | AA45: =IF(B45=B44,AA44,COUNTIFS(B:B,B45,I:I,">0")) -> 51 | AB45: =+I45*MIN(1,$D$5/AA45) -> 0.29411765 | AC45: =+AB45+AC44 -> 10.56397 | AD45: =+INT(AC45)-INT(AC44) -> 0 | AE45: =+(J45>0)+(I45>0) -> 1 | AF45: =+COUNTIFS(B:B,B45,AE:AE,AE45) -> 45 | AG45: =IF(OR(AF45=0,AE45=0),0,IF(AE45=2,ROUND(MIN($D$5*(AF45^$F$5)/(AF45^$F$5+(AA45-AF45)^$F$5),AF45),0),IF(AF45=0,0,MIN($D$5,AA45)-IF(AA45=AF45,0,ROUND(MIN((AE45>0)*$D$5*((AA45-AF45)^$F$5)/((AA45-AF45)^$F$5+AF45^$F$5),AA45-AF45),0))))) -> 9 | AH45: =+MIN(1,AG45/AF45) -> 0.2 | AI45: =+AH45+AI44 -> 11.881617 | AJ45: =+INT(AI45)-INT(AI44) -> 0
A46: Stratum 1 | B46: PSU 1 | C46: =+C45+1 -> 27 | D46: =1+D45 -> 34 | E46: =1+E45 -> 38 | F46: AA BB | G46: CC DDDD | H46: 4 | I46: 1 | J46: 0 | L46: 1 | M46: =+W46 -> 0.20547945 | N46: =+IF(Y46=1,Y46,"") | O46: =+Z46 -> 1 | P46: =+AB46 -> 0.29411765 | Q46: =IF(AD46=1,AD46,"") | R46: =+AE46 -> 1 | S46: =+AH46 -> 0.2 | T46: =IF(AJ46=1,AJ46,"") -> 1 | V46: =+IF(B46=B45,V45,COUNTIFS(B:B,B46,H:H,">0")) -> 73 | W46: =+MIN(1,$D$5/V46) -> 0.20547945 | X46: =+W46+X45 -> 7.4898362 | Y46: =+INT(X46)-INT(X45) -> 0 | Z46: =1*(I46>0) -> 1 | AA46: =IF(B46=B45,AA45,COUNTIFS(B:B,B46,I:I,">0")) -> 51 | AB46: =+I46*MIN(1,$D$5/AA46) -> 0.29411765 | AC46: =+AB46+AC45 -> 10.858088 | AD46: =+INT(AC46)-INT(AC45) -> 0 | AE46: =+(J46>0)+(I46>0) -> 1 | AF46: =+COUNTIFS(B:B,B46,AE:AE,AE46) -> 45 | AG46: =IF(OR(AF46=0,AE46=0),0,IF(AE46=2,ROUND(MIN($D$5*(AF46^$F$5)/(AF46^$F$5+(AA46-AF46)^$F$5),AF46),0),IF(AF46=0,0,MIN($D$5,AA46)-IF(AA46=AF46,0,ROUND(MIN((AE46>0)*$D$5*((AA46-AF46)^$F$5)/((AA46-AF46)^$F$5+AF46^$F$5),AA46-AF46),0))))) -> 9 | AH46: =+MIN(1,AG46/AF46) -> 0.2 | AI46: =+AH46+AI45 -> 12.081617 | AJ46: =+INT(AI46)-INT(AI45) -> 1
A47: Stratum 1 | B47: PSU 1 | C47: =+C46+1 -> 28 | D47: =1+D46 -> 35 | E47: =1+E46 -> 39 | F47: AA BB | G47: CC DDDD | H47: 3 | I47: 1 | J47: 0 | L47: 1 | M47: =+W47 -> 0.20547945 | N47: =+IF(Y47=1,Y47,"") | O47: =+Z47 -> 1 | P47: =+AB47 -> 0.29411765 | Q47: =IF(AD47=1,AD47,"") -> 1 | R47: =+AE47 -> 1 | S47: =+AH47 -> 0.2 | T47: =IF(AJ47=1,AJ47,"") | V47: =+IF(B47=B46,V46,COUNTIFS(B:B,B47,H:H,">0")) -> 73 | W47: =+MIN(1,$D$5/V47) -> 0.20547945 | X47: =+W47+X46 -> 7.6953156 | Y47: =+INT(X47)-INT(X46) -> 0 | Z47: =1*(I47>0) -> 1 | AA47: =IF(B47=B46,AA46,COUNTIFS(B:B,B47,I:I,">0")) -> 51 | AB47: =+I47*MIN(1,$D$5/AA47) -> 0.29411765 | AC47: =+AB47+AC46 -> 11.152205 | AD47: =+INT(AC47)-INT(AC46) -> 1 | AE47: =+(J47>0)+(I47>0) -> 1 | AF47: =+COUNTIFS(B:B,B47,AE:AE,AE47) -> 45 | AG47: =IF(OR(AF47=0,AE47=0),0,IF(AE47=2,ROUND(MIN($D$5*(AF47^$F$5)/(AF47^$F$5+(AA47-AF47)^$F$5),AF47),0),IF(AF47=0,0,MIN($D$5,AA47)-IF(AA47=AF47,0,ROUND(MIN((AE47>0)*$D$5*((AA47-AF47)^$F$5)/((AA47-AF47)^$F$5+AF47^$F$5),AA47-AF47),0))))) -> 9 | AH47: =+MIN(1,AG47/AF47) -> 0.2 | AI47: =+AH47+AI46 -> 12.281617 | AJ47: =+INT(AI47)-INT(AI46) -> 0
A48: Stratum 1 | B48: PSU 1 | C48: =+C47+1 -> 29 | D48: =1+D47 -> 36 | E48: =1+E47 -> 40 | F48: AA BB | G48: CC DDDD | H48: 7 | I48: 1 | J48: 0 | L48: 1 | M48: =+W48 -> 0.20547945 | N48: =+IF(Y48=1,Y48,"") | O48: =+Z48 -> 1 | P48: =+AB48 -> 0.29411765 | Q48: =IF(AD48=1,AD48,"") | R48: =+AE48 -> 1 | S48: =+AH48 -> 0.2 | T48: =IF(AJ48=1,AJ48,"") | V48: =+IF(B48=B47,V47,COUNTIFS(B:B,B48,H:H,">0")) -> 73 | W48: =+MIN(1,$D$5/V48) -> 0.20547945 | X48: =+W48+X47 -> 7.9007951 | Y48: =+INT(X48)-INT(X47) -> 0 | Z48: =1*(I48>0) -> 1 | AA48: =IF(B48=B47,AA47,COUNTIFS(B:B,B48,I:I,">0")) -> 51 | AB48: =+I48*MIN(1,$D$5/AA48) -> 0.29411765 | AC48: =+AB48+AC47 -> 11.446323 | AD48: =+INT(AC48)-INT(AC47) -> 0 | AE48: =+(J48>0)+(I48>0) -> 1 | AF48: =+COUNTIFS(B:B,B48,AE:AE,AE48) -> 45 | AG48: =IF(OR(AF48=0,AE48=0),0,IF(AE48=2,ROUND(MIN($D$5*(AF48^$F$5)/(AF48^$F$5+(AA48-AF48)^$F$5),AF48),0),IF(AF48=0,0,MIN($D$5,AA48)-IF(AA48=AF48,0,ROUND(MIN((AE48>0)*$D$5*((AA48-AF48)^$F$5)/((AA48-AF48)^$F$5+AF48^$F$5),AA48-AF48),0))))) -> 9 | AH48: =+MIN(1,AG48/AF48) -> 0.2 | AI48: =+AH48+AI47 -> 12.481617 | AJ48: =+INT(AI48)-INT(AI47) -> 0
A49: Stratum 1 | B49: PSU 1 | C49: =+C48+1 -> 30 | D49: =1+D48 -> 37 | E49: =1+E48 -> 41 | F49: AA BB | G49: CC DDDD | H49: 7 | I49: 1 | J49: 0 | L49: 1 | M49: =+W49 -> 0.20547945 | N49: =+IF(Y49=1,Y49,"") -> 1 | O49: =+Z49 -> 1 | P49: =+AB49 -> 0.29411765 | Q49: =IF(AD49=1,AD49,"") | R49: =+AE49 -> 1 | S49: =+AH49 -> 0.2 | T49: =IF(AJ49=1,AJ49,"") | V49: =+IF(B49=B48,V48,COUNTIFS(B:B,B49,H:H,">0")) -> 73 | W49: =+MIN(1,$D$5/V49) -> 0.20547945 | X49: =+W49+X48 -> 8.1062745 | Y49: =+INT(X49)-INT(X48) -> 1 | Z49: =1*(I49>0) -> 1 | AA49: =IF(B49=B48,AA48,COUNTIFS(B:B,B49,I:I,">0")) -> 51 | AB49: =+I49*MIN(1,$D$5/AA49) -> 0.29411765 | AC49: =+AB49+AC48 -> 11.740441 | AD49: =+INT(AC49)-INT(AC48) -> 0 | AE49: =+(J49>0)+(I49>0) -> 1 | AF49: =+COUNTIFS(B:B,B49,AE:AE,AE49) -> 45 | AG49: =IF(OR(AF49=0,AE49=0),0,IF(AE49=2,ROUND(MIN($D$5*(AF49^$F$5)/(AF49^$F$5+(AA49-AF49)^$F$5),AF49),0),IF(AF49=0,0,MIN($D$5,AA49)-IF(AA49=AF49,0,ROUND(MIN((AE49>0)*$D$5*((AA49-AF49)^$F$5)/((AA49-AF49)^$F$5+AF49^$F$5),AA49-AF49),0))))) -> 9 | AH49: =+MIN(1,AG49/AF49) -> 0.2 | AI49: =+AH49+AI48 -> 12.681617 | AJ49: =+INT(AI49)-INT(AI48) -> 0
A50: Stratum 1 | B50: PSU 1 | C50: =+C49+1 -> 31 | D50: =1+D49 -> 38 | E50: =1+E49 -> 42 | F50: AA BB | G50: CC DDDD | H50: 6 | I50: 1 | J50: 0 | L50: 1 | M50: =+W50 -> 0.20547945 | N50: =+IF(Y50=1,Y50,"") | O50: =+Z50 -> 1 | P50: =+AB50 -> 0.29411765 | Q50: =IF(AD50=1,AD50,"") -> 1 | R50: =+AE50 -> 1 | S50: =+AH50 -> 0.2 | T50: =IF(AJ50=1,AJ50,"") | V50: =+IF(B50=B49,V49,COUNTIFS(B:B,B50,H:H,">0")) -> 73 | W50: =+MIN(1,$D$5/V50) -> 0.20547945 | X50: =+W50+X49 -> 8.311754 | Y50: =+INT(X50)-INT(X49) -> 0 | Z50: =1*(I50>0) -> 1 | AA50: =IF(B50=B49,AA49,COUNTIFS(B:B,B50,I:I,">0")) -> 51 | AB50: =+I50*MIN(1,$D$5/AA50) -> 0.29411765 | AC50: =+AB50+AC49 -> 12.034558 | AD50: =+INT(AC50)-INT(AC49) -> 1 | AE50: =+(J50>0)+(I50>0) -> 1 | AF50: =+COUNTIFS(B:B,B50,AE:AE,AE50) -> 45 | AG50: =IF(OR(AF50=0,AE50=0),0,IF(AE50=2,ROUND(MIN($D$5*(AF50^$F$5)/(AF50^$F$5+(AA50-AF50)^$F$5),AF50),0),IF(AF50=0,0,MIN($D$5,AA50)-IF(AA50=AF50,0,ROUND(MIN((AE50>0)*$D$5*((AA50-AF50)^$F$5)/((AA50-AF50)^$F$5+AF50^$F$5),AA50-AF50),0))))) -> 9 | AH50: =+MIN(1,AG50/AF50) -> 0.2 | AI50: =+AH50+AI49 -> 12.881617 | AJ50: =+INT(AI50)-INT(AI49) -> 0
A51: Stratum 1 | B51: PSU 1 | C51: =+C50+1 -> 32 | D51: =1+D50 -> 39 | E51: =1+E50 -> 43 | F51: AA BB | G51: CC DDDD | H51: 6 | I51: 1 | J51: 0 | L51: 1 | M51: =+W51 -> 0.20547945 | N51: =+IF(Y51=1,Y51,"") | O51: =+Z51 -> 1 | P51: =+AB51 -> 0.29411765 | Q51: =IF(AD51=1,AD51,"") | R51: =+AE51 -> 1 | S51: =+AH51 -> 0.2 | T51: =IF(AJ51=1,AJ51,"") -> 1 | V51: =+IF(B51=B50,V50,COUNTIFS(B:B,B51,H:H,">0")) -> 73 | W51: =+MIN(1,$D$5/V51) -> 0.20547945 | X51: =+W51+X50 -> 8.5172334 | Y51: =+INT(X51)-INT(X50) -> 0 | Z51: =1*(I51>0) -> 1 | AA51: =IF(B51=B50,AA50,COUNTIFS(B:B,B51,I:I,">0")) -> 51 | AB51: =+I51*MIN(1,$D$5/AA51) -> 0.29411765 | AC51: =+AB51+AC50 -> 12.328676 | AD51: =+INT(AC51)-INT(AC50) -> 0 | AE51: =+(J51>0)+(I51>0) -> 1 | AF51: =+COUNTIFS(B:B,B51,AE:AE,AE51) -> 45 | AG51: =IF(OR(AF51=0,AE51=0),0,IF(AE51=2,ROUND(MIN($D$5*(AF51^$F$5)/(AF51^$F$5+(AA51-AF51)^$F$5),AF51),0),IF(AF51=0,0,MIN($D$5,AA51)-IF(AA51=AF51,0,ROUND(MIN((AE51>0)*$D$5*((AA51-AF51)^$F$5)/((AA51-AF51)^$F$5+AF51^$F$5),AA51-AF51),0))))) -> 9 | AH51: =+MIN(1,AG51/AF51) -> 0.2 | AI51: =+AH51+AI50 -> 13.081617 | AJ51: =+INT(AI51)-INT(AI50) -> 1
A52: Stratum 1 | B52: PSU 1 | C52: =+C51+1 -> 33 | D52: =1+D51 -> 40 | E52: =1+E51 -> 44 | F52: AA BB | G52: CC DDDD | H52: 1 | I52: 1 | J52: 0 | L52: 1 | M52: =+W52 -> 0.20547945 | N52: =+IF(Y52=1,Y52,"") | O52: =+Z52 -> 1 | P52: =+AB52 -> 0.29411765 | Q52: =IF(AD52=1,AD52,"") | R52: =+AE52 -> 1 | S52: =+AH52 -> 0.2 | T52: =IF(AJ52=1,AJ52,"") | V52: =+IF(B52=B51,V51,COUNTIFS(B:B,B52,H:H,">0")) -> 73 | W52: =+MIN(1,$D$5/V52) -> 0.20547945 | X52: =+W52+X51 -> 8.7227129 | Y52: =+INT(X52)-INT(X51) -> 0 | Z52: =1*(I52>0) -> 1 | AA52: =IF(B52=B51,AA51,COUNTIFS(B:B,B52,I:I,">0")) -> 51 | AB52: =+I52*MIN(1,$D$5/AA52) -> 0.29411765 | AC52: =+AB52+AC51 -> 12.622793 | AD52: =+INT(AC52)-INT(AC51) -> 0 | AE52: =+(J52>0)+(I52>0) -> 1 | AF52: =+COUNTIFS(B:B,B52,AE:AE,AE52) -> 45 | AG52: =IF(OR(AF52=0,AE52=0),0,IF(AE52=2,ROUND(MIN($D$5*(AF52^$F$5)/(AF52^$F$5+(AA52-AF52)^$F$5),AF52),0),IF(AF52=0,0,MIN($D$5,AA52)-IF(AA52=AF52,0,ROUND(MIN((AE52>0)*$D$5*((AA52-AF52)^$F$5)/((AA52-AF52)^$F$5+AF52^$F$5),AA52-AF52),0))))) -> 9 | AH52: =+MIN(1,AG52/AF52) -> 0.2 | AI52: =+AH52+AI51 -> 13.281617 | AJ52: =+INT(AI52)-INT(AI51) -> 0
A53: Stratum 1 | B53: PSU 1 | C53: 33 | D53: =1+D52 -> 41 | E53: =1+E52 -> 45 | F53: AA BB | G53: CC DDDD | H53: 6 | I53: 1 | J53: 0 | L53: 1 | M53: =+W53 -> 0.20547945 | N53: =+IF(Y53=1,Y53,"") | O53: =+Z53 -> 1 | P53: =+AB53 -> 0.29411765 | Q53: =IF(AD53=1,AD53,"") | R53: =+AE53 -> 1 | S53: =+AH53 -> 0.2 | T53: =IF(AJ53=1,AJ53,"") | V53: =+IF(B53=B52,V52,COUNTIFS(B:B,B53,H:H,">0")) -> 73 | W53: =+MIN(1,$D$5/V53) -> 0.20547945 | X53: =+W53+X52 -> 8.9281923 | Y53: =+INT(X53)-INT(X52) -> 0 | Z53: =1*(I53>0) -> 1 | AA53: =IF(B53=B52,AA52,COUNTIFS(B:B,B53,I:I,">0")) -> 51 | AB53: =+I53*MIN(1,$D$5/AA53) -> 0.29411765 | AC53: =+AB53+AC52 -> 12.916911 | AD53: =+INT(AC53)-INT(AC52) -> 0 | AE53: =+(J53>0)+(I53>0) -> 1 | AF53: =+COUNTIFS(B:B,B53,AE:AE,AE53) -> 45 | AG53: =IF(OR(AF53=0,AE53=0),0,IF(AE53=2,ROUND(MIN($D$5*(AF53^$F$5)/(AF53^$F$5+(AA53-AF53)^$F$5),AF53),0),IF(AF53=0,0,MIN($D$5,AA53)-IF(AA53=AF53,0,ROUND(MIN((AE53>0)*$D$5*((AA53-AF53)^$F$5)/((AA53-AF53)^$F$5+AF53^$F$5),AA53-AF53),0))))) -> 9 | AH53: =+MIN(1,AG53/AF53) -> 0.2 | AI53: =+AH53+AI52 -> 13.481617 | AJ53: =+INT(AI53)-INT(AI52) -> 0
A54: Stratum 1 | B54: PSU 1 | C54: 33 | D54: =1+D53 -> 42 | E54: =1+E53 -> 46 | F54: AA BB | G54: CC DDDD | H54: 2 | I54: 1 | J54: 0 | L54: 1 | M54: =+W54 -> 0.20547945 | N54: =+IF(Y54=1,Y54,"") -> 1 | O54: =+Z54 -> 1 | P54: =+AB54 -> 0.29411765 | Q54: =IF(AD54=1,AD54,"") -> 1 | R54: =+AE54 -> 1 | S54: =+AH54 -> 0.2 | T54: =IF(AJ54=1,AJ54,"") | V54: =+IF(B54=B53,V53,COUNTIFS(B:B,B54,H:H,">0")) -> 73 | W54: =+MIN(1,$D$5/V54) -> 0.20547945 | X54: =+W54+X53 -> 9.1336718 | Y54: =+INT(X54)-INT(X53) -> 1 | Z54: =1*(I54>0) -> 1 | AA54: =IF(B54=B53,AA53,COUNTIFS(B:B,B54,I:I,">0")) -> 51 | AB54: =+I54*MIN(1,$D$5/AA54) -> 0.29411765 | AC54: =+AB54+AC53 -> 13.211029 | AD54: =+INT(AC54)-INT(AC53) -> 1 | AE54: =+(J54>0)+(I54>0) -> 1 | AF54: =+COUNTIFS(B:B,B54,AE:AE,AE54) -> 45 | AG54: =IF(OR(AF54=0,AE54=0),0,IF(AE54=2,ROUND(MIN($D$5*(AF54^$F$5)/(AF54^$F$5+(AA54-AF54)^$F$5),AF54),0),IF(AF54=0,0,MIN($D$5,AA54)-IF(AA54=AF54,0,ROUND(MIN((AE54>0)*$D$5*((AA54-AF54)^$F$5)/((AA54-AF54)^$F$5+AF54^$F$5),AA54-AF54),0))))) -> 9 | AH54: =+MIN(1,AG54/AF54) -> 0.2 | AI54: =+AH54+AI53 -> 13.681617 | AJ54: =+INT(AI54)-INT(AI53) -> 0
A55: Stratum 1 | B55: PSU 1 | C55: 33 | D55: =1+D54 -> 43 | E55: =1+E54 -> 47 | F55: AA BB | G55: CC DDDD | H55: 6 | I55: 1 | J55: 0 | L55: 1 | M55: =+W55 -> 0.20547945 | N55: =+IF(Y55=1,Y55,"") | O55: =+Z55 -> 1 | P55: =+AB55 -> 0.29411765 | Q55: =IF(AD55=1,AD55,"") | R55: =+AE55 -> 1 | S55: =+AH55 -> 0.2 | T55: =IF(AJ55=1,AJ55,"") | V55: =+IF(B55=B54,V54,COUNTIFS(B:B,B55,H:H,">0")) -> 73 | W55: =+MIN(1,$D$5/V55) -> 0.20547945 | X55: =+W55+X54 -> 9.3391512 | Y55: =+INT(X55)-INT(X54) -> 0 | Z55: =1*(I55>0) -> 1 | AA55: =IF(B55=B54,AA54,COUNTIFS(B:B,B55,I:I,">0")) -> 51 | AB55: =+I55*MIN(1,$D$5/AA55) -> 0.29411765 | AC55: =+AB55+AC54 -> 13.505146 | AD55: =+INT(AC55)-INT(AC54) -> 0 | AE55: =+(J55>0)+(I55>0) -> 1 | AF55: =+COUNTIFS(B:B,B55,AE:AE,AE55) -> 45 | AG55: =IF(OR(AF55=0,AE55=0),0,IF(AE55=2,ROUND(MIN($D$5*(AF55^$F$5)/(AF55^$F$5+(AA55-AF55)^$F$5),AF55),0),IF(AF55=0,0,MIN($D$5,AA55)-IF(AA55=AF55,0,ROUND(MIN((AE55>0)*$D$5*((AA55-AF55)^$F$5)/((AA55-AF55)^$F$5+AF55^$F$5),AA55-AF55),0))))) -> 9 | AH55: =+MIN(1,AG55/AF55) -> 0.2 | AI55: =+AH55+AI54 -> 13.881617 | AJ55: =+INT(AI55)-INT(AI54) -> 0
A56: Stratum 1 | B56: PSU 1 | C56: 33 | D56: =1+D55 -> 44 | E56: =1+E55 -> 48 | F56: AA BB | G56: CC DDDD | H56: 1 | I56: 1 | J56: 0 | L56: 1 | M56: =+W56 -> 0.20547945 | N56: =+IF(Y56=1,Y56,"") | O56: =+Z56 -> 1 | P56: =+AB56 -> 0.29411765 | Q56: =IF(AD56=1,AD56,"") | R56: =+AE56 -> 1 | S56: =+AH56 -> 0.2 | T56: =IF(AJ56=1,AJ56,"") -> 1 | V56: =+IF(B56=B55,V55,COUNTIFS(B:B,B56,H:H,">0")) -> 73 | W56: =+MIN(1,$D$5/V56) -> 0.20547945 | X56: =+W56+X55 -> 9.5446307 | Y56: =+INT(X56)-INT(X55) -> 0 | Z56: =1*(I56>0) -> 1 | AA56: =IF(B56=B55,AA55,COUNTIFS(B:B,B56,I:I,">0")) -> 51 | AB56: =+I56*MIN(1,$D$5/AA56) -> 0.29411765 | AC56: =+AB56+AC55 -> 13.799264 | AD56: =+INT(AC56)-INT(AC55) -> 0 | AE56: =+(J56>0)+(I56>0) -> 1 | AF56: =+COUNTIFS(B:B,B56,AE:AE,AE56) -> 45 | AG56: =IF(OR(AF56=0,AE56=0),0,IF(AE56=2,ROUND(MIN($D$5*(AF56^$F$5)/(AF56^$F$5+(AA56-AF56)^$F$5),AF56),0),IF(AF56=0,0,MIN($D$5,AA56)-IF(AA56=AF56,0,ROUND(MIN((AE56>0)*$D$5*((AA56-AF56)^$F$5)/((AA56-AF56)^$F$5+AF56^$F$5),AA56-AF56),0))))) -> 9 | AH56: =+MIN(1,AG56/AF56) -> 0.2 | AI56: =+AH56+AI55 -> 14.081617 | AJ56: =+INT(AI56)-INT(AI55) -> 1
A57: Stratum 1 | B57: PSU 1 | C57: 33 | D57: =1+D56 -> 45 | E57: =1+E56 -> 49 | F57: AA BB | G57: CC DDDD | H57: 6 | I57: 1 | J57: 0 | L57: 1 | M57: =+W57 -> 0.20547945 | N57: =+IF(Y57=1,Y57,"") | O57: =+Z57 -> 1 | P57: =+AB57 -> 0.29411765 | Q57: =IF(AD57=1,AD57,"") -> 1 | R57: =+AE57 -> 1 | S57: =+AH57 -> 0.2 | T57: =IF(AJ57=1,AJ57,"") | V57: =+IF(B57=B56,V56,COUNTIFS(B:B,B57,H:H,">0")) -> 73 | W57: =+MIN(1,$D$5/V57) -> 0.20547945 | X57: =+W57+X56 -> 9.7501102 | Y57: =+INT(X57)-INT(X56) -> 0 | Z57: =1*(I57>0) -> 1 | AA57: =IF(B57=B56,AA56,COUNTIFS(B:B,B57,I:I,">0")) -> 51 | AB57: =+I57*MIN(1,$D$5/AA57) -> 0.29411765 | AC57: =+AB57+AC56 -> 14.093382 | AD57: =+INT(AC57)-INT(AC56) -> 1 | AE57: =+(J57>0)+(I57>0) -> 1 | AF57: =+COUNTIFS(B:B,B57,AE:AE,AE57) -> 45 | AG57: =IF(OR(AF57=0,AE57=0),0,IF(AE57=2,ROUND(MIN($D$5*(AF57^$F$5)/(AF57^$F$5+(AA57-AF57)^$F$5),AF57),0),IF(AF57=0,0,MIN($D$5,AA57)-IF(AA57=AF57,0,ROUND(MIN((AE57>0)*$D$5*((AA57-AF57)^$F$5)/((AA57-AF57)^$F$5+AF57^$F$5),AA57-AF57),0))))) -> 9 | AH57: =+MIN(1,AG57/AF57) -> 0.2 | AI57: =+AH57+AI56 -> 14.281617 | AJ57: =+INT(AI57)-INT(AI56) -> 0
A58: Stratum 1 | B58: PSU 1 | C58: 33 | D58: =1+D57 -> 46 | E58: =1+E57 -> 50 | F58: AA BB | G58: CC DDDD | H58: 6 | I58: 1 | J58: 0 | L58: 1 | M58: =+W58 -> 0.20547945 | N58: =+IF(Y58=1,Y58,"") | O58: =+Z58 -> 1 | P58: =+AB58 -> 0.29411765 | Q58: =IF(AD58=1,AD58,"") | R58: =+AE58 -> 1 | S58: =+AH58 -> 0.2 | T58: =IF(AJ58=1,AJ58,"") | V58: =+IF(B58=B57,V57,COUNTIFS(B:B,B58,H:H,">0")) -> 73 | W58: =+MIN(1,$D$5/V58) -> 0.20547945 | X58: =+W58+X57 -> 9.9555896 | Y58: =+INT(X58)-INT(X57) -> 0 | Z58: =1*(I58>0) -> 1 | AA58: =IF(B58=B57,AA57,COUNTIFS(B:B,B58,I:I,">0")) -> 51 | AB58: =+I58*MIN(1,$D$5/AA58) -> 0.29411765 | AC58: =+AB58+AC57 -> 14.387499 | AD58: =+INT(AC58)-INT(AC57) -> 0 | AE58: =+(J58>0)+(I58>0) -> 1 | AF58: =+COUNTIFS(B:B,B58,AE:AE,AE58) -> 45 | AG58: =IF(OR(AF58=0,AE58=0),0,IF(AE58=2,ROUND(MIN($D$5*(AF58^$F$5)/(AF58^$F$5+(AA58-AF58)^$F$5),AF58),0),IF(AF58=0,0,MIN($D$5,AA58)-IF(AA58=AF58,0,ROUND(MIN((AE58>0)*$D$5*((AA58-AF58)^$F$5)/((AA58-AF58)^$F$5+AF58^$F$5),AA58-AF58),0))))) -> 9 | AH58: =+MIN(1,AG58/AF58) -> 0.2 | AI58: =+AH58+AI57 -> 14.481617 | AJ58: =+INT(AI58)-INT(AI57) -> 0
A59: Stratum 1 | B59: PSU 1 | C59: 33 | D59: =1+D58 -> 47 | E59: =1+E58 -> 51 | F59: AA BB | G59: CC DDDD | H59: 2 | I59: 1 | J59: 0 | L59: 1 | M59: =+W59 -> 0.20547945 | N59: =+IF(Y59=1,Y59,"") -> 1 | O59: =+Z59 -> 1 | P59: =+AB59 -> 0.29411765 | Q59: =IF(AD59=1,AD59,"") | R59: =+AE59 -> 1 | S59: =+AH59 -> 0.2 | T59: =IF(AJ59=1,AJ59,"") | V59: =+IF(B59=B58,V58,COUNTIFS(B:B,B59,H:H,">0")) -> 73 | W59: =+MIN(1,$D$5/V59) -> 0.20547945 | X59: =+W59+X58 -> 10.161069 | Y59: =+INT(X59)-INT(X58) -> 1 | Z59: =1*(I59>0) -> 1 | AA59: =IF(B59=B58,AA58,COUNTIFS(B:B,B59,I:I,">0")) -> 51 | AB59: =+I59*MIN(1,$D$5/AA59) -> 0.29411765 | AC59: =+AB59+AC58 -> 14.681617 | AD59: =+INT(AC59)-INT(AC58) -> 0 | AE59: =+(J59>0)+(I59>0) -> 1 | AF59: =+COUNTIFS(B:B,B59,AE:AE,AE59) -> 45 | AG59: =IF(OR(AF59=0,AE59=0),0,IF(AE59=2,ROUND(MIN($D$5*(AF59^$F$5)/(AF59^$F$5+(AA59-AF59)^$F$5),AF59),0),IF(AF59=0,0,MIN($D$5,AA59)-IF(AA59=AF59,0,ROUND(MIN((AE59>0)*$D$5*((AA59-AF59)^$F$5)/((AA59-AF59)^$F$5+AF59^$F$5),AA59-AF59),0))))) -> 9 | AH59: =+MIN(1,AG59/AF59) -> 0.2 | AI59: =+AH59+AI58 -> 14.681617 | AJ59: =+INT(AI59)-INT(AI58) -> 0
A60: Stratum 1 | B60: PSU 1 | C60: 33 | D60: =1+D59 -> 48 | E60: =1+E59 -> 52 | F60: AA BB | G60: CC DDDD | H60: 5 | I60: 0 | J60: 0 | L60: 1 | M60: =+W60 -> 0.20547945 | N60: =+IF(Y60=1,Y60,"") | O60: =+Z60 -> 0 | P60: =+AB60 -> 0 | Q60: =IF(AD60=1,AD60,"") | R60: =+AE60 -> 0 | S60: =+AH60 -> 0 | T60: =IF(AJ60=1,AJ60,"") | V60: =+IF(B60=B59,V59,COUNTIFS(B:B,B60,H:H,">0")) -> 73 | W60: =+MIN(1,$D$5/V60) -> 0.20547945 | X60: =+W60+X59 -> 10.366549 | Y60: =+INT(X60)-INT(X59) -> 0 | Z60: =1*(I60>0) -> 0 | AA60: =IF(B60=B59,AA59,COUNTIFS(B:B,B60,I:I,">0")) -> 51 | AB60: =+I60*MIN(1,$D$5/AA60) -> 0 | AC60: =+AB60+AC59 -> 14.681617 | AD60: =+INT(AC60)-INT(AC59) -> 0 | AE60: =+(J60>0)+(I60>0) -> 0 | AF60: =+COUNTIFS(B:B,B60,AE:AE,AE60) -> 22 | AG60: =IF(OR(AF60=0,AE60=0),0,IF(AE60=2,ROUND(MIN($D$5*(AF60^$F$5)/(AF60^$F$5+(AA60-AF60)^$F$5),AF60),0),IF(AF60=0,0,MIN($D$5,AA60)-IF(AA60=AF60,0,ROUND(MIN((AE60>0)*$D$5*((AA60-AF60)^$F$5)/((AA60-AF60)^$F$5+AF60^$F$5),AA60-AF60),0))))) -> 0 | AH60: =+MIN(1,AG60/AF60) -> 0 | AI60: =+AH60+AI59 -> 14.681617 | AJ60: =+INT(AI60)-INT(AI59) -> 0 | AL60: =IF(AE60=1,IF(AF60=0,0,MIN($D$5,AA60)-IF(AA60=AF60,0,ROUND(MIN((AE60>0)*$D$5*((AA60-AF60)^$F$5)/((AA60-AF60)^$F$5+AF60^$F$5),AA60-AF60),0))),"")
A61: Stratum 1 | B61: PSU 1 | C61: 33 | D61: =1+D60 -> 49 | E61: =1+E60 -> 53 | F61: AA BB | G61: CC DDDD | H61: 3 | I61: 0 | J61: 0 | L61: 1 | M61: =+W61 -> 0.20547945 | N61: =+IF(Y61=1,Y61,"") | O61: =+Z61 -> 0 | P61: =+AB61 -> 0 | Q61: =IF(AD61=1,AD61,"") | R61: =+AE61 -> 0 | S61: =+AH61 -> 0 | T61: =IF(AJ61=1,AJ61,"") | V61: =+IF(B61=B60,V60,COUNTIFS(B:B,B61,H:H,">0")) -> 73 | W61: =+MIN(1,$D$5/V61) -> 0.20547945 | X61: =+W61+X60 -> 10.572028 | Y61: =+INT(X61)-INT(X60) -> 0 | Z61: =1*(I61>0) -> 0 | AA61: =IF(B61=B60,AA60,COUNTIFS(B:B,B61,I:I,">0")) -> 51 | AB61: =+I61*MIN(1,$D$5/AA61) -> 0 | AC61: =+AB61+AC60 -> 14.681617 | AD61: =+INT(AC61)-INT(AC60) -> 0 | AE61: =+(J61>0)+(I61>0) -> 0 | AF61: =+COUNTIFS(B:B,B61,AE:AE,AE61) -> 22 | AG61: =IF(OR(AF61=0,AE61=0),0,IF(AE61=2,ROUND(MIN($D$5*(AF61^$F$5)/(AF61^$F$5+(AA61-AF61)^$F$5),AF61),0),IF(AF61=0,0,MIN($D$5,AA61)-IF(AA61=AF61,0,ROUND(MIN((AE61>0)*$D$5*((AA61-AF61)^$F$5)/((AA61-AF61)^$F$5+AF61^$F$5),AA61-AF61),0))))) -> 0 | AH61: =+MIN(1,AG61/AF61) -> 0 | AI61: =+AH61+AI60 -> 14.681617 | AJ61: =+INT(AI61)-INT(AI60) -> 0 | AL61: =IF(AE61=1,IF(AF61=0,0,MIN($D$5,AA61)-IF(AA61=AF61,0,ROUND(MIN((AE61>0)*$D$5*((AA61-AF61)^$F$5)/((AA61-AF61)^$F$5+AF61^$F$5),AA61-AF61),0))),"")
A62: Stratum 1 | B62: PSU 1 | C62: 33 | D62: =1+D61 -> 50 | E62: =1+E61 -> 54 | F62: AA BB | G62: CC DDDD | H62: 6 | I62: 0 | J62: 0 | L62: 1 | M62: =+W62 -> 0.20547945 | N62: =+IF(Y62=1,Y62,"") | O62: =+Z62 -> 0 | P62: =+AB62 -> 0 | Q62: =IF(AD62=1,AD62,"") | R62: =+AE62 -> 0 | S62: =+AH62 -> 0 | T62: =IF(AJ62=1,AJ62,"") | V62: =+IF(B62=B61,V61,COUNTIFS(B:B,B62,H:H,">0")) -> 73 | W62: =+MIN(1,$D$5/V62) -> 0.20547945 | X62: =+W62+X61 -> 10.777507 | Y62: =+INT(X62)-INT(X61) -> 0 | Z62: =1*(I62>0) -> 0 | AA62: =IF(B62=B61,AA61,COUNTIFS(B:B,B62,I:I,">0")) -> 51 | AB62: =+I62*MIN(1,$D$5/AA62) -> 0 | AC62: =+AB62+AC61 -> 14.681617 | AD62: =+INT(AC62)-INT(AC61) -> 0 | AE62: =+(J62>0)+(I62>0) -> 0 | AF62: =+COUNTIFS(B:B,B62,AE:AE,AE62) -> 22 | AG62: =IF(OR(AF62=0,AE62=0),0,IF(AE62=2,ROUND(MIN($D$5*(AF62^$F$5)/(AF62^$F$5+(AA62-AF62)^$F$5),AF62),0),IF(AF62=0,0,MIN($D$5,AA62)-IF(AA62=AF62,0,ROUND(MIN((AE62>0)*$D$5*((AA62-AF62)^$F$5)/((AA62-AF62)^$F$5+AF62^$F$5),AA62-AF62),0))))) -> 0 | AH62: =+MIN(1,AG62/AF62) -> 0 | AI62: =+AH62+AI61 -> 14.681617 | AJ62: =+INT(AI62)-INT(AI61) -> 0 | AL62: =IF(AE62=1,IF(AF62=0,0,MIN($D$5,AA62)-IF(AA62=AF62,0,ROUND(MIN((AE62>0)*$D$5*((AA62-AF62)^$F$5)/((AA62-AF62)^$F$5+AF62^$F$5),AA62-AF62),0))),"")
A63: Stratum 1 | B63: PSU 1 | C63: 33 | D63: =1+D62 -> 51 | E63: =1+E62 -> 55 | F63: AA BB | G63: CC DDDD | H63: 1 | I63: 0 | J63: 0 | L63: 1 | M63: =+W63 -> 0.20547945 | N63: =+IF(Y63=1,Y63,"") | O63: =+Z63 -> 0 | P63: =+AB63 -> 0 | Q63: =IF(AD63=1,AD63,"") | R63: =+AE63 -> 0 | S63: =+AH63 -> 0 | T63: =IF(AJ63=1,AJ63,"") | V63: =+IF(B63=B62,V62,COUNTIFS(B:B,B63,H:H,">0")) -> 73 | W63: =+MIN(1,$D$5/V63) -> 0.20547945 | X63: =+W63+X62 -> 10.982987 | Y63: =+INT(X63)-INT(X62) -> 0 | Z63: =1*(I63>0) -> 0 | AA63: =IF(B63=B62,AA62,COUNTIFS(B:B,B63,I:I,">0")) -> 51 | AB63: =+I63*MIN(1,$D$5/AA63) -> 0 | AC63: =+AB63+AC62 -> 14.681617 | AD63: =+INT(AC63)-INT(AC62) -> 0 | AE63: =+(J63>0)+(I63>0) -> 0 | AF63: =+COUNTIFS(B:B,B63,AE:AE,AE63) -> 22 | AG63: =IF(OR(AF63=0,AE63=0),0,IF(AE63=2,ROUND(MIN($D$5*(AF63^$F$5)/(AF63^$F$5+(AA63-AF63)^$F$5),AF63),0),IF(AF63=0,0,MIN($D$5,AA63)-IF(AA63=AF63,0,ROUND(MIN((AE63>0)*$D$5*((AA63-AF63)^$F$5)/((AA63-AF63)^$F$5+AF63^$F$5),AA63-AF63),0))))) -> 0 | AH63: =+MIN(1,AG63/AF63) -> 0 | AI63: =+AH63+AI62 -> 14.681617 | AJ63: =+INT(AI63)-INT(AI62) -> 0 | AL63: =IF(AE63=1,IF(AF63=0,0,MIN($D$5,AA63)-IF(AA63=AF63,0,ROUND(MIN((AE63>0)*$D$5*((AA63-AF63)^$F$5)/((AA63-AF63)^$F$5+AF63^$F$5),AA63-AF63),0))),"")
A64: Stratum 1 | B64: PSU 1 | C64: 33 | D64: =1+D63 -> 52 | E64: =1+E63 -> 56 | F64: AA BB | G64: CC DDDD | H64: 3 | I64: 0 | J64: 0 | L64: 1 | M64: =+W64 -> 0.20547945 | N64: =+IF(Y64=1,Y64,"") -> 1 | O64: =+Z64 -> 0 | P64: =+AB64 -> 0 | Q64: =IF(AD64=1,AD64,"") | R64: =+AE64 -> 0 | S64: =+AH64 -> 0 | T64: =IF(AJ64=1,AJ64,"") | V64: =+IF(B64=B63,V63,COUNTIFS(B:B,B64,H:H,">0")) -> 73 | W64: =+MIN(1,$D$5/V64) -> 0.20547945 | X64: =+W64+X63 -> 11.188466 | Y64: =+INT(X64)-INT(X63) -> 1 | Z64: =1*(I64>0) -> 0 | AA64: =IF(B64=B63,AA63,COUNTIFS(B:B,B64,I:I,">0")) -> 51 | AB64: =+I64*MIN(1,$D$5/AA64) -> 0 | AC64: =+AB64+AC63 -> 14.681617 | AD64: =+INT(AC64)-INT(AC63) -> 0 | AE64: =+(J64>0)+(I64>0) -> 0 | AF64: =+COUNTIFS(B:B,B64,AE:AE,AE64) -> 22 | AG64: =IF(OR(AF64=0,AE64=0),0,IF(AE64=2,ROUND(MIN($D$5*(AF64^$F$5)/(AF64^$F$5+(AA64-AF64)^$F$5),AF64),0),IF(AF64=0,0,MIN($D$5,AA64)-IF(AA64=AF64,0,ROUND(MIN((AE64>0)*$D$5*((AA64-AF64)^$F$5)/((AA64-AF64)^$F$5+AF64^$F$5),AA64-AF64),0))))) -> 0 | AH64: =+MIN(1,AG64/AF64) -> 0 | AI64: =+AH64+AI63 -> 14.681617 | AJ64: =+INT(AI64)-INT(AI63) -> 0 | AL64: =IF(AE64=1,IF(AF64=0,0,MIN($D$5,AA64)-IF(AA64=AF64,0,ROUND(MIN((AE64>0)*$D$5*((AA64-AF64)^$F$5)/((AA64-AF64)^$F$5+AF64^$F$5),AA64-AF64),0))),"")
A65: Stratum 1 | B65: PSU 1 | C65: 33 | D65: =1+D64 -> 53 | E65: =1+E64 -> 57 | F65: AA BB | G65: CC DDDD | H65: 7 | I65: 0 | J65: 0 | L65: 1 | M65: =+W65 -> 0.20547945 | N65: =+IF(Y65=1,Y65,"") | O65: =+Z65 -> 0 | P65: =+AB65 -> 0 | Q65: =IF(AD65=1,AD65,"") | R65: =+AE65 -> 0 | S65: =+AH65 -> 0 | T65: =IF(AJ65=1,AJ65,"") | V65: =+IF(B65=B64,V64,COUNTIFS(B:B,B65,H:H,">0")) -> 73 | W65: =+MIN(1,$D$5/V65) -> 0.20547945 | X65: =+W65+X64 -> 11.393946 | Y65: =+INT(X65)-INT(X64) -> 0 | Z65: =1*(I65>0) -> 0 | AA65: =IF(B65=B64,AA64,COUNTIFS(B:B,B65,I:I,">0")) -> 51 | AB65: =+I65*MIN(1,$D$5/AA65) -> 0 | AC65: =+AB65+AC64 -> 14.681617 | AD65: =+INT(AC65)-INT(AC64) -> 0 | AE65: =+(J65>0)+(I65>0) -> 0 | AF65: =+COUNTIFS(B:B,B65,AE:AE,AE65) -> 22 | AG65: =IF(OR(AF65=0,AE65=0),0,IF(AE65=2,ROUND(MIN($D$5*(AF65^$F$5)/(AF65^$F$5+(AA65-AF65)^$F$5),AF65),0),IF(AF65=0,0,MIN($D$5,AA65)-IF(AA65=AF65,0,ROUND(MIN((AE65>0)*$D$5*((AA65-AF65)^$F$5)/((AA65-AF65)^$F$5+AF65^$F$5),AA65-AF65),0))))) -> 0 | AH65: =+MIN(1,AG65/AF65) -> 0 | AI65: =+AH65+AI64 -> 14.681617 | AJ65: =+INT(AI65)-INT(AI64) -> 0 | AL65: =IF(AE65=1,IF(AF65=0,0,MIN($D$5,AA65)-IF(AA65=AF65,0,ROUND(MIN((AE65>0)*$D$5*((AA65-AF65)^$F$5)/((AA65-AF65)^$F$5+AF65^$F$5),AA65-AF65),0))),"")
A66: Stratum 1 | B66: PSU 1 | C66: 33 | D66: =1+D65 -> 54 | E66: =1+E65 -> 58 | F66: AA BB | G66: CC DDDD | H66: 6 | I66: 0 | J66: 0 | L66: 1 | M66: =+W66 -> 0.20547945 | N66: =+IF(Y66=1,Y66,"") | O66: =+Z66 -> 0 | P66: =+AB66 -> 0 | Q66: =IF(AD66=1,AD66,"") | R66: =+AE66 -> 0 | S66: =+AH66 -> 0 | T66: =IF(AJ66=1,AJ66,"") | V66: =+IF(B66=B65,V65,COUNTIFS(B:B,B66,H:H,">0")) -> 73 | W66: =+MIN(1,$D$5/V66) -> 0.20547945 | X66: =+W66+X65 -> 11.599425 | Y66: =+INT(X66)-INT(X65) -> 0 | Z66: =1*(I66>0) -> 0 | AA66: =IF(B66=B65,AA65,COUNTIFS(B:B,B66,I:I,">0")) -> 51 | AB66: =+I66*MIN(1,$D$5/AA66) -> 0 | AC66: =+AB66+AC65 -> 14.681617 | AD66: =+INT(AC66)-INT(AC65) -> 0 | AE66: =+(J66>0)+(I66>0) -> 0 | AF66: =+COUNTIFS(B:B,B66,AE:AE,AE66) -> 22 | AG66: =IF(OR(AF66=0,AE66=0),0,IF(AE66=2,ROUND(MIN($D$5*(AF66^$F$5)/(AF66^$F$5+(AA66-AF66)^$F$5),AF66),0),IF(AF66=0,0,MIN($D$5,AA66)-IF(AA66=AF66,0,ROUND(MIN((AE66>0)*$D$5*((AA66-AF66)^$F$5)/((AA66-AF66)^$F$5+AF66^$F$5),AA66-AF66),0))))) -> 0 | AH66: =+MIN(1,AG66/AF66) -> 0 | AI66: =+AH66+AI65 -> 14.681617 | AJ66: =+INT(AI66)-INT(AI65) -> 0 | AL66: =IF(AE66=1,IF(AF66=0,0,MIN($D$5,AA66)-IF(AA66=AF66,0,ROUND(MIN((AE66>0)*$D$5*((AA66-AF66)^$F$5)/((AA66-AF66)^$F$5+AF66^$F$5),AA66-AF66),0))),"")
A67: Stratum 1 | B67: PSU 1 | C67: 33 | D67: =1+D66 -> 55 | E67: =1+E66 -> 59 | F67: AA BB | G67: CC DDDD | H67: 5 | I67: 0 | J67: 0 | L67: 1 | M67: =+W67 -> 0.20547945 | N67: =+IF(Y67=1,Y67,"") | O67: =+Z67 -> 0 | P67: =+AB67 -> 0 | Q67: =IF(AD67=1,AD67,"") | R67: =+AE67 -> 0 | S67: =+AH67 -> 0 | T67: =IF(AJ67=1,AJ67,"") | V67: =+IF(B67=B66,V66,COUNTIFS(B:B,B67,H:H,">0")) -> 73 | W67: =+MIN(1,$D$5/V67) -> 0.20547945 | X67: =+W67+X66 -> 11.804905 | Y67: =+INT(X67)-INT(X66) -> 0 | Z67: =1*(I67>0) -> 0 | AA67: =IF(B67=B66,AA66,COUNTIFS(B:B,B67,I:I,">0")) -> 51 | AB67: =+I67*MIN(1,$D$5/AA67) -> 0 | AC67: =+AB67+AC66 -> 14.681617 | AD67: =+INT(AC67)-INT(AC66) -> 0 | AE67: =+(J67>0)+(I67>0) -> 0 | AF67: =+COUNTIFS(B:B,B67,AE:AE,AE67) -> 22 | AG67: =IF(OR(AF67=0,AE67=0),0,IF(AE67=2,ROUND(MIN($D$5*(AF67^$F$5)/(AF67^$F$5+(AA67-AF67)^$F$5),AF67),0),IF(AF67=0,0,MIN($D$5,AA67)-IF(AA67=AF67,0,ROUND(MIN((AE67>0)*$D$5*((AA67-AF67)^$F$5)/((AA67-AF67)^$F$5+AF67^$F$5),AA67-AF67),0))))) -> 0 | AH67: =+MIN(1,AG67/AF67) -> 0 | AI67: =+AH67+AI66 -> 14.681617 | AJ67: =+INT(AI67)-INT(AI66) -> 0 | AL67: =IF(AE67=1,IF(AF67=0,0,MIN($D$5,AA67)-IF(AA67=AF67,0,ROUND(MIN((AE67>0)*$D$5*((AA67-AF67)^$F$5)/((AA67-AF67)^$F$5+AF67^$F$5),AA67-AF67),0))),"")
A68: Stratum 1 | B68: PSU 1 | C68: 33 | D68: =1+D67 -> 56 | E68: =1+E67 -> 60 | F68: AA BB | G68: CC DDDD | H68: 4 | I68: 0 | J68: 0 | L68: 1 | M68: =+W68 -> 0.20547945 | N68: =+IF(Y68=1,Y68,"") -> 1 | O68: =+Z68 -> 0 | P68: =+AB68 -> 0 | Q68: =IF(AD68=1,AD68,"") | R68: =+AE68 -> 0 | S68: =+AH68 -> 0 | T68: =IF(AJ68=1,AJ68,"") | V68: =+IF(B68=B67,V67,COUNTIFS(B:B,B68,H:H,">0")) -> 73 | W68: =+MIN(1,$D$5/V68) -> 0.20547945 | X68: =+W68+X67 -> 12.010384 | Y68: =+INT(X68)-INT(X67) -> 1 | Z68: =1*(I68>0) -> 0 | AA68: =IF(B68=B67,AA67,COUNTIFS(B:B,B68,I:I,">0")) -> 51 | AB68: =+I68*MIN(1,$D$5/AA68) -> 0 | AC68: =+AB68+AC67 -> 14.681617 | AD68: =+INT(AC68)-INT(AC67) -> 0 | AE68: =+(J68>0)+(I68>0) -> 0 | AF68: =+COUNTIFS(B:B,B68,AE:AE,AE68) -> 22 | AG68: =IF(OR(AF68=0,AE68=0),0,IF(AE68=2,ROUND(MIN($D$5*(AF68^$F$5)/(AF68^$F$5+(AA68-AF68)^$F$5),AF68),0),IF(AF68=0,0,MIN($D$5,AA68)-IF(AA68=AF68,0,ROUND(MIN((AE68>0)*$D$5*((AA68-AF68)^$F$5)/((AA68-AF68)^$F$5+AF68^$F$5),AA68-AF68),0))))) -> 0 | AH68: =+MIN(1,AG68/AF68) -> 0 | AI68: =+AH68+AI67 -> 14.681617 | AJ68: =+INT(AI68)-INT(AI67) -> 0 | AL68: =IF(AE68=1,IF(AF68=0,0,MIN($D$5,AA68)-IF(AA68=AF68,0,ROUND(MIN((AE68>0)*$D$5*((AA68-AF68)^$F$5)/((AA68-AF68)^$F$5+AF68^$F$5),AA68-AF68),0))),"")
A69: Stratum 1 | B69: PSU 1 | C69: 33 | D69: =1+D68 -> 57 | E69: =1+E68 -> 61 | F69: AA BB | G69: CC DDDD | H69: 5 | I69: 0 | J69: 0 | L69: 1 | M69: =+W69 -> 0.20547945 | N69: =+IF(Y69=1,Y69,"") | O69: =+Z69 -> 0 | P69: =+AB69 -> 0 | Q69: =IF(AD69=1,AD69,"") | R69: =+AE69 -> 0 | S69: =+AH69 -> 0 | T69: =IF(AJ69=1,AJ69,"") | V69: =+IF(B69=B68,V68,COUNTIFS(B:B,B69,H:H,">0")) -> 73 | W69: =+MIN(1,$D$5/V69) -> 0.20547945 | X69: =+W69+X68 -> 12.215864 | Y69: =+INT(X69)-INT(X68) -> 0 | Z69: =1*(I69>0) -> 0 | AA69: =IF(B69=B68,AA68,COUNTIFS(B:B,B69,I:I,">0")) -> 51 | AB69: =+I69*MIN(1,$D$5/AA69) -> 0 | AC69: =+AB69+AC68 -> 14.681617 | AD69: =+INT(AC69)-INT(AC68) -> 0 | AE69: =+(J69>0)+(I69>0) -> 0 | AF69: =+COUNTIFS(B:B,B69,AE:AE,AE69) -> 22 | AG69: =IF(OR(AF69=0,AE69=0),0,IF(AE69=2,ROUND(MIN($D$5*(AF69^$F$5)/(AF69^$F$5+(AA69-AF69)^$F$5),AF69),0),IF(AF69=0,0,MIN($D$5,AA69)-IF(AA69=AF69,0,ROUND(MIN((AE69>0)*$D$5*((AA69-AF69)^$F$5)/((AA69-AF69)^$F$5+AF69^$F$5),AA69-AF69),0))))) -> 0 | AH69: =+MIN(1,AG69/AF69) -> 0 | AI69: =+AH69+AI68 -> 14.681617 | AJ69: =+INT(AI69)-INT(AI68) -> 0 | AL69: =IF(AE69=1,IF(AF69=0,0,MIN($D$5,AA69)-IF(AA69=AF69,0,ROUND(MIN((AE69>0)*$D$5*((AA69-AF69)^$F$5)/((AA69-AF69)^$F$5+AF69^$F$5),AA69-AF69),0))),"")
A70: Stratum 1 | B70: PSU 1 | C70: 33 | D70: 57 | E70: =1+E69 -> 62 | F70: AA BB | G70: CC DDDD | H70: 6 | I70: 0 | J70: 0 | L70: 1 | M70: =+W70 -> 0.20547945 | N70: =+IF(Y70=1,Y70,"") | O70: =+Z70 -> 0 | P70: =+AB70 -> 0 | Q70: =IF(AD70=1,AD70,"") | R70: =+AE70 -> 0 | S70: =+AH70 -> 0 | T70: =IF(AJ70=1,AJ70,"") | V70: =+IF(B70=B69,V69,COUNTIFS(B:B,B70,H:H,">0")) -> 73 | W70: =+MIN(1,$D$5/V70) -> 0.20547945 | X70: =+W70+X69 -> 12.421343 | Y70: =+INT(X70)-INT(X69) -> 0 | Z70: =1*(I70>0) -> 0 | AA70: =IF(B70=B69,AA69,COUNTIFS(B:B,B70,I:I,">0")) -> 51 | AB70: =+I70*MIN(1,$D$5/AA70) -> 0 | AC70: =+AB70+AC69 -> 14.681617 | AD70: =+INT(AC70)-INT(AC69) -> 0 | AE70: =+(J70>0)+(I70>0) -> 0 | AF70: =+COUNTIFS(B:B,B70,AE:AE,AE70) -> 22 | AG70: =IF(OR(AF70=0,AE70=0),0,IF(AE70=2,ROUND(MIN($D$5*(AF70^$F$5)/(AF70^$F$5+(AA70-AF70)^$F$5),AF70),0),IF(AF70=0,0,MIN($D$5,AA70)-IF(AA70=AF70,0,ROUND(MIN((AE70>0)*$D$5*((AA70-AF70)^$F$5)/((AA70-AF70)^$F$5+AF70^$F$5),AA70-AF70),0))))) -> 0 | AH70: =+MIN(1,AG70/AF70) -> 0 | AI70: =+AH70+AI69 -> 14.681617 | AJ70: =+INT(AI70)-INT(AI69) -> 0 | AL70: =IF(AE70=1,IF(AF70=0,0,MIN($D$5,AA70)-IF(AA70=AF70,0,ROUND(MIN((AE70>0)*$D$5*((AA70-AF70)^$F$5)/((AA70-AF70)^$F$5+AF70^$F$5),AA70-AF70),0))),"")
A71: Stratum 1 | B71: PSU 1 | C71: =+C70+1 -> 34 | D71: =1+D70 -> 58 | E71: =1+E70 -> 63 | F71: AA BB | G71: CC DDDD | H71: 4 | I71: 0 | J71: 0 | L71: 1 | M71: =+W71 -> 0.20547945 | N71: =+IF(Y71=1,Y71,"") | O71: =+Z71 -> 0 | P71: =+AB71 -> 0 | Q71: =IF(AD71=1,AD71,"") | R71: =+AE71 -> 0 | S71: =+AH71 -> 0 | T71: =IF(AJ71=1,AJ71,"") | V71: =+IF(B71=B70,V70,COUNTIFS(B:B,B71,H:H,">0")) -> 73 | W71: =+MIN(1,$D$5/V71) -> 0.20547945 | X71: =+W71+X70 -> 12.626822 | Y71: =+INT(X71)-INT(X70) -> 0 | Z71: =1*(I71>0) -> 0 | AA71: =IF(B71=B70,AA70,COUNTIFS(B:B,B71,I:I,">0")) -> 51 | AB71: =+I71*MIN(1,$D$5/AA71) -> 0 | AC71: =+AB71+AC70 -> 14.681617 | AD71: =+INT(AC71)-INT(AC70) -> 0 | AE71: =+(J71>0)+(I71>0) -> 0 | AF71: =+COUNTIFS(B:B,B71,AE:AE,AE71) -> 22 | AG71: =IF(OR(AF71=0,AE71=0),0,IF(AE71=2,ROUND(MIN($D$5*(AF71^$F$5)/(AF71^$F$5+(AA71-AF71)^$F$5),AF71),0),IF(AF71=0,0,MIN($D$5,AA71)-IF(AA71=AF71,0,ROUND(MIN((AE71>0)*$D$5*((AA71-AF71)^$F$5)/((AA71-AF71)^$F$5+AF71^$F$5),AA71-AF71),0))))) -> 0 | AH71: =+MIN(1,AG71/AF71) -> 0 | AI71: =+AH71+AI70 -> 14.681617 | AJ71: =+INT(AI71)-INT(AI70) -> 0 | AL71: =IF(AE71=1,IF(AF71=0,0,MIN($D$5,AA71)-IF(AA71=AF71,0,ROUND(MIN((AE71>0)*$D$5*((AA71-AF71)^$F$5)/((AA71-AF71)^$F$5+AF71^$F$5),AA71-AF71),0))),"")
A72: Stratum 1 | B72: PSU 1 | C72: =+C71+1 -> 35 | D72: =1+D71 -> 59 | E72: =1+E71 -> 64 | F72: AA BB | G72: CC DDDD | H72: 7 | I72: 0 | J72: 0 | L72: 1 | M72: =+W72 -> 0.20547945 | N72: =+IF(Y72=1,Y72,"") | O72: =+Z72 -> 0 | P72: =+AB72 -> 0 | Q72: =IF(AD72=1,AD72,"") | R72: =+AE72 -> 0 | S72: =+AH72 -> 0 | T72: =IF(AJ72=1,AJ72,"") | V72: =+IF(B72=B71,V71,COUNTIFS(B:B,B72,H:H,">0")) -> 73 | W72: =+MIN(1,$D$5/V72) -> 0.20547945 | X72: =+W72+X71 -> 12.832302 | Y72: =+INT(X72)-INT(X71) -> 0 | Z72: =1*(I72>0) -> 0 | AA72: =IF(B72=B71,AA71,COUNTIFS(B:B,B72,I:I,">0")) -> 51 | AB72: =+I72*MIN(1,$D$5/AA72) -> 0 | AC72: =+AB72+AC71 -> 14.681617 | AD72: =+INT(AC72)-INT(AC71) -> 0 | AE72: =+(J72>0)+(I72>0) -> 0 | AF72: =+COUNTIFS(B:B,B72,AE:AE,AE72) -> 22 | AG72: =IF(OR(AF72=0,AE72=0),0,IF(AE72=2,ROUND(MIN($D$5*(AF72^$F$5)/(AF72^$F$5+(AA72-AF72)^$F$5),AF72),0),IF(AF72=0,0,MIN($D$5,AA72)-IF(AA72=AF72,0,ROUND(MIN((AE72>0)*$D$5*((AA72-AF72)^$F$5)/((AA72-AF72)^$F$5+AF72^$F$5),AA72-AF72),0))))) -> 0 | AH72: =+MIN(1,AG72/AF72) -> 0 | AI72: =+AH72+AI71 -> 14.681617 | AJ72: =+INT(AI72)-INT(AI71) -> 0 | AL72: =IF(AE72=1,IF(AF72=0,0,MIN($D$5,AA72)-IF(AA72=AF72,0,ROUND(MIN((AE72>0)*$D$5*((AA72-AF72)^$F$5)/((AA72-AF72)^$F$5+AF72^$F$5),AA72-AF72),0))),"")
A73: Stratum 1 | B73: PSU 1 | C73: =+C72+1 -> 36 | D73: =1+D72 -> 60 | E73: =1+E72 -> 65 | F73: AA BB | G73: CC DDDD | H73: 3 | I73: 0 | J73: 0 | L73: 1 | M73: =+W73 -> 0.20547945 | N73: =+IF(Y73=1,Y73,"") -> 1 | O73: =+Z73 -> 0 | P73: =+AB73 -> 0 | Q73: =IF(AD73=1,AD73,"") | R73: =+AE73 -> 0 | S73: =+AH73 -> 0 | T73: =IF(AJ73=1,AJ73,"") | V73: =+IF(B73=B72,V72,COUNTIFS(B:B,B73,H:H,">0")) -> 73 | W73: =+MIN(1,$D$5/V73) -> 0.20547945 | X73: =+W73+X72 -> 13.037781 | Y73: =+INT(X73)-INT(X72) -> 1 | Z73: =1*(I73>0) -> 0 | AA73: =IF(B73=B72,AA72,COUNTIFS(B:B,B73,I:I,">0")) -> 51 | AB73: =+I73*MIN(1,$D$5/AA73) -> 0 | AC73: =+AB73+AC72 -> 14.681617 | AD73: =+INT(AC73)-INT(AC72) -> 0 | AE73: =+(J73>0)+(I73>0) -> 0 | AF73: =+COUNTIFS(B:B,B73,AE:AE,AE73) -> 22 | AG73: =IF(OR(AF73=0,AE73=0),0,IF(AE73=2,ROUND(MIN($D$5*(AF73^$F$5)/(AF73^$F$5+(AA73-AF73)^$F$5),AF73),0),IF(AF73=0,0,MIN($D$5,AA73)-IF(AA73=AF73,0,ROUND(MIN((AE73>0)*$D$5*((AA73-AF73)^$F$5)/((AA73-AF73)^$F$5+AF73^$F$5),AA73-AF73),0))))) -> 0 | AH73: =+MIN(1,AG73/AF73) -> 0 | AI73: =+AH73+AI72 -> 14.681617 | AJ73: =+INT(AI73)-INT(AI72) -> 0 | AL73: =IF(AE73=1,IF(AF73=0,0,MIN($D$5,AA73)-IF(AA73=AF73,0,ROUND(MIN((AE73>0)*$D$5*((AA73-AF73)^$F$5)/((AA73-AF73)^$F$5+AF73^$F$5),AA73-AF73),0))),"")
A74: Stratum 1 | B74: PSU 1 | C74: =+C73+1 -> 37 | D74: =1+D73 -> 61 | E74: =1+E73 -> 66 | F74: AA BB | G74: CC DDDD | H74: 3 | I74: 0 | J74: 0 | L74: 1 | M74: =+W74 -> 0.20547945 | N74: =+IF(Y74=1,Y74,"") | O74: =+Z74 -> 0 | P74: =+AB74 -> 0 | Q74: =IF(AD74=1,AD74,"") | R74: =+AE74 -> 0 | S74: =+AH74 -> 0 | T74: =IF(AJ74=1,AJ74,"") | V74: =+IF(B74=B73,V73,COUNTIFS(B:B,B74,H:H,">0")) -> 73 | W74: =+MIN(1,$D$5/V74) -> 0.20547945 | X74: =+W74+X73 -> 13.243261 | Y74: =+INT(X74)-INT(X73) -> 0 | Z74: =1*(I74>0) -> 0 | AA74: =IF(B74=B73,AA73,COUNTIFS(B:B,B74,I:I,">0")) -> 51 | AB74: =+I74*MIN(1,$D$5/AA74) -> 0 | AC74: =+AB74+AC73 -> 14.681617 | AD74: =+INT(AC74)-INT(AC73) -> 0 | AE74: =+(J74>0)+(I74>0) -> 0 | AF74: =+COUNTIFS(B:B,B74,AE:AE,AE74) -> 22 | AG74: =IF(OR(AF74=0,AE74=0),0,IF(AE74=2,ROUND(MIN($D$5*(AF74^$F$5)/(AF74^$F$5+(AA74-AF74)^$F$5),AF74),0),IF(AF74=0,0,MIN($D$5,AA74)-IF(AA74=AF74,0,ROUND(MIN((AE74>0)*$D$5*((AA74-AF74)^$F$5)/((AA74-AF74)^$F$5+AF74^$F$5),AA74-AF74),0))))) -> 0 | AH74: =+MIN(1,AG74/AF74) -> 0 | AI74: =+AH74+AI73 -> 14.681617 | AJ74: =+INT(AI74)-INT(AI73) -> 0 | AL74: =IF(AE74=1,IF(AF74=0,0,MIN($D$5,AA74)-IF(AA74=AF74,0,ROUND(MIN((AE74>0)*$D$5*((AA74-AF74)^$F$5)/((AA74-AF74)^$F$5+AF74^$F$5),AA74-AF74),0))),"")
A75: Stratum 1 | B75: PSU 1 | C75: =+C74+1 -> 38 | D75: =1+D74 -> 62 | E75: =1+E74 -> 67 | F75: AA BB | G75: CC DDDD | H75: 7 | I75: 0 | J75: 0 | L75: 1 | M75: =+W75 -> 0.20547945 | N75: =+IF(Y75=1,Y75,"") | O75: =+Z75 -> 0 | P75: =+AB75 -> 0 | Q75: =IF(AD75=1,AD75,"") | R75: =+AE75 -> 0 | S75: =+AH75 -> 0 | T75: =IF(AJ75=1,AJ75,"") | V75: =+IF(B75=B74,V74,COUNTIFS(B:B,B75,H:H,">0")) -> 73 | W75: =+MIN(1,$D$5/V75) -> 0.20547945 | X75: =+W75+X74 -> 13.44874 | Y75: =+INT(X75)-INT(X74) -> 0 | Z75: =1*(I75>0) -> 0 | AA75: =IF(B75=B74,AA74,COUNTIFS(B:B,B75,I:I,">0")) -> 51 | AB75: =+I75*MIN(1,$D$5/AA75) -> 0 | AC75: =+AB75+AC74 -> 14.681617 | AD75: =+INT(AC75)-INT(AC74) -> 0 | AE75: =+(J75>0)+(I75>0) -> 0 | AF75: =+COUNTIFS(B:B,B75,AE:AE,AE75) -> 22 | AG75: =IF(OR(AF75=0,AE75=0),0,IF(AE75=2,ROUND(MIN($D$5*(AF75^$F$5)/(AF75^$F$5+(AA75-AF75)^$F$5),AF75),0),IF(AF75=0,0,MIN($D$5,AA75)-IF(AA75=AF75,0,ROUND(MIN((AE75>0)*$D$5*((AA75-AF75)^$F$5)/((AA75-AF75)^$F$5+AF75^$F$5),AA75-AF75),0))))) -> 0 | AH75: =+MIN(1,AG75/AF75) -> 0 | AI75: =+AH75+AI74 -> 14.681617 | AJ75: =+INT(AI75)-INT(AI74) -> 0 | AL75: =IF(AE75=1,IF(AF75=0,0,MIN($D$5,AA75)-IF(AA75=AF75,0,ROUND(MIN((AE75>0)*$D$5*((AA75-AF75)^$F$5)/((AA75-AF75)^$F$5+AF75^$F$5),AA75-AF75),0))),"")
A76: Stratum 1 | B76: PSU 1 | C76: =+C75+1 -> 39 | D76: =1+D75 -> 63 | E76: =1+E75 -> 68 | F76: AA BB | G76: CC DDDD | H76: 5 | I76: 0 | J76: 0 | L76: 1 | M76: =+W76 -> 0.20547945 | N76: =+IF(Y76=1,Y76,"") | O76: =+Z76 -> 0 | P76: =+AB76 -> 0 | Q76: =IF(AD76=1,AD76,"") | R76: =+AE76 -> 0 | S76: =+AH76 -> 0 | T76: =IF(AJ76=1,AJ76,"") | V76: =+IF(B76=B75,V75,COUNTIFS(B:B,B76,H:H,">0")) -> 73 | W76: =+MIN(1,$D$5/V76) -> 0.20547945 | X76: =+W76+X75 -> 13.65422 | Y76: =+INT(X76)-INT(X75) -> 0 | Z76: =1*(I76>0) -> 0 | AA76: =IF(B76=B75,AA75,COUNTIFS(B:B,B76,I:I,">0")) -> 51 | AB76: =+I76*MIN(1,$D$5/AA76) -> 0 | AC76: =+AB76+AC75 -> 14.681617 | AD76: =+INT(AC76)-INT(AC75) -> 0 | AE76: =+(J76>0)+(I76>0) -> 0 | AF76: =+COUNTIFS(B:B,B76,AE:AE,AE76) -> 22 | AG76: =IF(OR(AF76=0,AE76=0),0,IF(AE76=2,ROUND(MIN($D$5*(AF76^$F$5)/(AF76^$F$5+(AA76-AF76)^$F$5),AF76),0),IF(AF76=0,0,MIN($D$5,AA76)-IF(AA76=AF76,0,ROUND(MIN((AE76>0)*$D$5*((AA76-AF76)^$F$5)/((AA76-AF76)^$F$5+AF76^$F$5),AA76-AF76),0))))) -> 0 | AH76: =+MIN(1,AG76/AF76) -> 0 | AI76: =+AH76+AI75 -> 14.681617 | AJ76: =+INT(AI76)-INT(AI75) -> 0 | AL76: =IF(AE76=1,IF(AF76=0,0,MIN($D$5,AA76)-IF(AA76=AF76,0,ROUND(MIN((AE76>0)*$D$5*((AA76-AF76)^$F$5)/((AA76-AF76)^$F$5+AF76^$F$5),AA76-AF76),0))),"")
A77: Stratum 1 | B77: PSU 1 | C77: =+C76+1 -> 40 | D77: =1+D76 -> 64 | E77: =1+E76 -> 69 | F77: AA BB | G77: CC DDDD | H77: 5 | I77: 0 | J77: 0 | L77: 1 | M77: =+W77 -> 0.20547945 | N77: =+IF(Y77=1,Y77,"") | O77: =+Z77 -> 0 | P77: =+AB77 -> 0 | Q77: =IF(AD77=1,AD77,"") | R77: =+AE77 -> 0 | S77: =+AH77 -> 0 | T77: =IF(AJ77=1,AJ77,"") | V77: =+IF(B77=B76,V76,COUNTIFS(B:B,B77,H:H,">0")) -> 73 | W77: =+MIN(1,$D$5/V77) -> 0.20547945 | X77: =+W77+X76 -> 13.859699 | Y77: =+INT(X77)-INT(X76) -> 0 | Z77: =1*(I77>0) -> 0 | AA77: =IF(B77=B76,AA76,COUNTIFS(B:B,B77,I:I,">0")) -> 51 | AB77: =+I77*MIN(1,$D$5/AA77) -> 0 | AC77: =+AB77+AC76 -> 14.681617 | AD77: =+INT(AC77)-INT(AC76) -> 0 | AE77: =+(J77>0)+(I77>0) -> 0 | AF77: =+COUNTIFS(B:B,B77,AE:AE,AE77) -> 22 | AG77: =IF(OR(AF77=0,AE77=0),0,IF(AE77=2,ROUND(MIN($D$5*(AF77^$F$5)/(AF77^$F$5+(AA77-AF77)^$F$5),AF77),0),IF(AF77=0,0,MIN($D$5,AA77)-IF(AA77=AF77,0,ROUND(MIN((AE77>0)*$D$5*((AA77-AF77)^$F$5)/((AA77-AF77)^$F$5+AF77^$F$5),AA77-AF77),0))))) -> 0 | AH77: =+MIN(1,AG77/AF77) -> 0 | AI77: =+AH77+AI76 -> 14.681617 | AJ77: =+INT(AI77)-INT(AI76) -> 0 | AL77: =IF(AE77=1,IF(AF77=0,0,MIN($D$5,AA77)-IF(AA77=AF77,0,ROUND(MIN((AE77>0)*$D$5*((AA77-AF77)^$F$5)/((AA77-AF77)^$F$5+AF77^$F$5),AA77-AF77),0))),"")
A78: Stratum 1 | B78: PSU 1 | C78: =+C77+1 -> 41 | D78: =1+D77 -> 65 | E78: =1+E77 -> 70 | F78: AA BB | G78: CC DDDD | H78: 2 | I78: 0 | J78: 0 | L78: 1 | M78: =+W78 -> 0.20547945 | N78: =+IF(Y78=1,Y78,"") -> 1 | O78: =+Z78 -> 0 | P78: =+AB78 -> 0 | Q78: =IF(AD78=1,AD78,"") | R78: =+AE78 -> 0 | S78: =+AH78 -> 0 | T78: =IF(AJ78=1,AJ78,"") | V78: =+IF(B78=B77,V77,COUNTIFS(B:B,B78,H:H,">0")) -> 73 | W78: =+MIN(1,$D$5/V78) -> 0.20547945 | X78: =+W78+X77 -> 14.065179 | Y78: =+INT(X78)-INT(X77) -> 1 | Z78: =1*(I78>0) -> 0 | AA78: =IF(B78=B77,AA77,COUNTIFS(B:B,B78,I:I,">0")) -> 51 | AB78: =+I78*MIN(1,$D$5/AA78) -> 0 | AC78: =+AB78+AC77 -> 14.681617 | AD78: =+INT(AC78)-INT(AC77) -> 0 | AE78: =+(J78>0)+(I78>0) -> 0 | AF78: =+COUNTIFS(B:B,B78,AE:AE,AE78) -> 22 | AG78: =IF(OR(AF78=0,AE78=0),0,IF(AE78=2,ROUND(MIN($D$5*(AF78^$F$5)/(AF78^$F$5+(AA78-AF78)^$F$5),AF78),0),IF(AF78=0,0,MIN($D$5,AA78)-IF(AA78=AF78,0,ROUND(MIN((AE78>0)*$D$5*((AA78-AF78)^$F$5)/((AA78-AF78)^$F$5+AF78^$F$5),AA78-AF78),0))))) -> 0 | AH78: =+MIN(1,AG78/AF78) -> 0 | AI78: =+AH78+AI77 -> 14.681617 | AJ78: =+INT(AI78)-INT(AI77) -> 0 | AL78: =IF(AE78=1,IF(AF78=0,0,MIN($D$5,AA78)-IF(AA78=AF78,0,ROUND(MIN((AE78>0)*$D$5*((AA78-AF78)^$F$5)/((AA78-AF78)^$F$5+AF78^$F$5),AA78-AF78),0))),"")
A79: Stratum 1 | B79: PSU 1 | C79: =+C78+1 -> 42 | D79: =1+D78 -> 66 | E79: =1+E78 -> 71 | F79: AA BB | G79: CC DDDD | H79: 5 | I79: 0 | J79: 0 | L79: 1 | M79: =+W79 -> 0.20547945 | N79: =+IF(Y79=1,Y79,"") | O79: =+Z79 -> 0 | P79: =+AB79 -> 0 | Q79: =IF(AD79=1,AD79,"") | R79: =+AE79 -> 0 | S79: =+AH79 -> 0 | T79: =IF(AJ79=1,AJ79,"") | V79: =+IF(B79=B78,V78,COUNTIFS(B:B,B79,H:H,">0")) -> 73 | W79: =+MIN(1,$D$5/V79) -> 0.20547945 | X79: =+W79+X78 -> 14.270658 | Y79: =+INT(X79)-INT(X78) -> 0 | Z79: =1*(I79>0) -> 0 | AA79: =IF(B79=B78,AA78,COUNTIFS(B:B,B79,I:I,">0")) -> 51 | AB79: =+I79*MIN(1,$D$5/AA79) -> 0 | AC79: =+AB79+AC78 -> 14.681617 | AD79: =+INT(AC79)-INT(AC78) -> 0 | AE79: =+(J79>0)+(I79>0) -> 0 | AF79: =+COUNTIFS(B:B,B79,AE:AE,AE79) -> 22 | AG79: =IF(OR(AF79=0,AE79=0),0,IF(AE79=2,ROUND(MIN($D$5*(AF79^$F$5)/(AF79^$F$5+(AA79-AF79)^$F$5),AF79),0),IF(AF79=0,0,MIN($D$5,AA79)-IF(AA79=AF79,0,ROUND(MIN((AE79>0)*$D$5*((AA79-AF79)^$F$5)/((AA79-AF79)^$F$5+AF79^$F$5),AA79-AF79),0))))) -> 0 | AH79: =+MIN(1,AG79/AF79) -> 0 | AI79: =+AH79+AI78 -> 14.681617 | AJ79: =+INT(AI79)-INT(AI78) -> 0 | AL79: =IF(AE79=1,IF(AF79=0,0,MIN($D$5,AA79)-IF(AA79=AF79,0,ROUND(MIN((AE79>0)*$D$5*((AA79-AF79)^$F$5)/((AA79-AF79)^$F$5+AF79^$F$5),AA79-AF79),0))),"")
A80: Stratum 1 | B80: PSU 1 | C80: =+C79+1 -> 43 | D80: =1+D79 -> 67 | E80: =1+E79 -> 72 | F80: AA BB | G80: CC DDDD | H80: 1 | I80: 0 | J80: 0 | L80: 1 | M80: =+W80 -> 0.20547945 | N80: =+IF(Y80=1,Y80,"") | O80: =+Z80 -> 0 | P80: =+AB80 -> 0 | Q80: =IF(AD80=1,AD80,"") | R80: =+AE80 -> 0 | S80: =+AH80 -> 0 | T80: =IF(AJ80=1,AJ80,"") | V80: =+IF(B80=B79,V79,COUNTIFS(B:B,B80,H:H,">0")) -> 73 | W80: =+MIN(1,$D$5/V80) -> 0.20547945 | X80: =+W80+X79 -> 14.476138 | Y80: =+INT(X80)-INT(X79) -> 0 | Z80: =1*(I80>0) -> 0 | AA80: =IF(B80=B79,AA79,COUNTIFS(B:B,B80,I:I,">0")) -> 51 | AB80: =+I80*MIN(1,$D$5/AA80) -> 0 | AC80: =+AB80+AC79 -> 14.681617 | AD80: =+INT(AC80)-INT(AC79) -> 0 | AE80: =+(J80>0)+(I80>0) -> 0 | AF80: =+COUNTIFS(B:B,B80,AE:AE,AE80) -> 22 | AG80: =IF(OR(AF80=0,AE80=0),0,IF(AE80=2,ROUND(MIN($D$5*(AF80^$F$5)/(AF80^$F$5+(AA80-AF80)^$F$5),AF80),0),IF(AF80=0,0,MIN($D$5,AA80)-IF(AA80=AF80,0,ROUND(MIN((AE80>0)*$D$5*((AA80-AF80)^$F$5)/((AA80-AF80)^$F$5+AF80^$F$5),AA80-AF80),0))))) -> 0 | AH80: =+MIN(1,AG80/AF80) -> 0 | AI80: =+AH80+AI79 -> 14.681617 | AJ80: =+INT(AI80)-INT(AI79) -> 0 | AL80: =IF(AE80=1,IF(AF80=0,0,MIN($D$5,AA80)-IF(AA80=AF80,0,ROUND(MIN((AE80>0)*$D$5*((AA80-AF80)^$F$5)/((AA80-AF80)^$F$5+AF80^$F$5),AA80-AF80),0))),"")
A81: Stratum 1 | B81: PSU 1 | C81: =+C80+1 -> 44 | D81: =1+D80 -> 68 | E81: =1+E80 -> 73 | F81: AA BB | G81: CC DDDD | H81: 7 | I81: 0 | J81: 0 | L81: 1 | M81: =+W81 -> 0.20547945 | N81: =+IF(Y81=1,Y81,"") | O81: =+Z81 -> 0 | P81: =+AB81 -> 0 | Q81: =IF(AD81=1,AD81,"") | R81: =+AE81 -> 0 | S81: =+AH81 -> 0 | T81: =IF(AJ81=1,AJ81,"") | V81: =+IF(B81=B80,V80,COUNTIFS(B:B,B81,H:H,">0")) -> 73 | W81: =+MIN(1,$D$5/V81) -> 0.20547945 | X81: =+W81+X80 -> 14.681617 | Y81: =+INT(X81)-INT(X80) -> 0 | Z81: =1*(I81>0) -> 0 | AA81: =IF(B81=B80,AA80,COUNTIFS(B:B,B81,I:I,">0")) -> 51 | AB81: =+I81*MIN(1,$D$5/AA81) -> 0 | AC81: =+AB81+AC80 -> 14.681617 | AD81: =+INT(AC81)-INT(AC80) -> 0 | AE81: =+(J81>0)+(I81>0) -> 0 | AF81: =+COUNTIFS(B:B,B81,AE:AE,AE81) -> 22 | AG81: =IF(OR(AF81=0,AE81=0),0,IF(AE81=2,ROUND(MIN($D$5*(AF81^$F$5)/(AF81^$F$5+(AA81-AF81)^$F$5),AF81),0),IF(AF81=0,0,MIN($D$5,AA81)-IF(AA81=AF81,0,ROUND(MIN((AE81>0)*$D$5*((AA81-AF81)^$F$5)/((AA81-AF81)^$F$5+AF81^$F$5),AA81-AF81),0))))) -> 0 | AH81: =+MIN(1,AG81/AF81) -> 0 | AI81: =+AH81+AI80 -> 14.681617 | AJ81: =+INT(AI81)-INT(AI80) -> 0 | AL81: =IF(AE81=1,IF(AF81=0,0,MIN($D$5,AA81)-IF(AA81=AF81,0,ROUND(MIN((AE81>0)*$D$5*((AA81-AF81)^$F$5)/((AA81-AF81)^$F$5+AF81^$F$5),AA81-AF81),0))),"")
A82: Stratum 1 | B82: PSU 2 | C82: 1 | D82: 1 | E82: 1 | F82: AA BB | G82: CC DDDD | H82: 4 | I82: 1 | J82: 0 | L82: 1 | M82: =+W82 -> 1 | N82: =+IF(Y82=1,Y82,"") -> 1 | O82: =+Z82 -> 1 | P82: =+AB82 -> 1 | Q82: =IF(AD82=1,AD82,"") -> 1 | R82: =+AE82 -> 1 | S82: =+AH82 -> 1 | T82: =IF(AJ82=1,AJ82,"") -> 1 | V82: =+IF(B82=B81,V81,COUNTIFS(B:B,B82,H:H,">0")) -> 12 | W82: =+MIN(1,$D$5/V82) -> 1 | X82: =+W82+X81 -> 15.681617 | Y82: =+INT(X82)-INT(X81) -> 1 | Z82: =1*(I82>0) -> 1 | AA82: =IF(B82=B81,AA81,COUNTIFS(B:B,B82,I:I,">0")) -> 7 | AB82: =+I82*MIN(1,$D$5/AA82) -> 1 | AC82: =+AB82+AC81 -> 15.681617 | AD82: =+INT(AC82)-INT(AC81) -> 1 | AE82: =+(J82>0)+(I82>0) -> 1 | AF82: =+COUNTIFS(B:B,B82,AE:AE,AE82) -> 7 | AG82: =IF(OR(AF82=0,AE82=0),0,IF(AE82=2,ROUND(MIN($D$5*(AF82^$F$5)/(AF82^$F$5+(AA82-AF82)^$F$5),AF82),0),IF(AF82=0,0,MIN($D$5,AA82)-IF(AA82=AF82,0,ROUND(MIN((AE82>0)*$D$5*((AA82-AF82)^$F$5)/((AA82-AF82)^$F$5+AF82^$F$5),AA82-AF82),0))))) -> 7 | AH82: =+MIN(1,AG82/AF82) -> 1 | AI82: =+AH82+AI81 -> 15.681617 | AJ82: =+INT(AI82)-INT(AI81) -> 1 | AL82: =IF(AE82=1,IF(AF82=0,0,MIN($D$5,AA82)-IF(AA82=AF82,0,ROUND(MIN((AE82>0)*$D$5*((AA82-AF82)^$F$5)/((AA82-AF82)^$F$5+AF82^$F$5),AA82-AF82),0))),"") -> 7
A83: Stratum 1 | B83: PSU 2 | C83: =+C82+1 -> 2 | D83: =1+D82 -> 2 | E83: =1+E82 -> 2 | F83: AA BB | G83: CC DDDD | H83: 5 | I83: 1 | J83: 0 | L83: 1 | M83: =+W83 -> 1 | N83: =+IF(Y83=1,Y83,"") -> 1 | O83: =+Z83 -> 1 | P83: =+AB83 -> 1 | Q83: =IF(AD83=1,AD83,"") -> 1 | R83: =+AE83 -> 1 | S83: =+AH83 -> 1 | T83: =IF(AJ83=1,AJ83,"") -> 1 | V83: =+IF(B83=B82,V82,COUNTIFS(B:B,B83,H:H,">0")) -> 12 | W83: =+MIN(1,$D$5/V83) -> 1 | X83: =+W83+X82 -> 16.681617 | Y83: =+INT(X83)-INT(X82) -> 1 | Z83: =1*(I83>0) -> 1 | AA83: =IF(B83=B82,AA82,COUNTIFS(B:B,B83,I:I,">0")) -> 7 | AB83: =+I83*MIN(1,$D$5/AA83) -> 1 | AC83: =+AB83+AC82 -> 16.681617 | AD83: =+INT(AC83)-INT(AC82) -> 1 | AE83: =+(J83>0)+(I83>0) -> 1 | AF83: =+COUNTIFS(B:B,B83,AE:AE,AE83) -> 7 | AG83: =IF(OR(AF83=0,AE83=0),0,IF(AE83=2,ROUND(MIN($D$5*(AF83^$F$5)/(AF83^$F$5+(AA83-AF83)^$F$5),AF83),0),IF(AF83=0,0,MIN($D$5,AA83)-IF(AA83=AF83,0,ROUND(MIN((AE83>0)*$D$5*((AA83-AF83)^$F$5)/((AA83-AF83)^$F$5+AF83^$F$5),AA83-AF83),0))))) -> 7 | AH83: =+MIN(1,AG83/AF83) -> 1 | AI83: =+AH83+AI82 -> 16.681617 | AJ83: =+INT(AI83)-INT(AI82) -> 1 | AL83: =IF(AE83=1,IF(AF83=0,0,MIN($D$5,AA83)-IF(AA83=AF83,0,ROUND(MIN((AE83>0)*$D$5*((AA83-AF83)^$F$5)/((AA83-AF83)^$F$5+AF83^$F$5),AA83-AF83),0))),"") -> 7
A84: Stratum 1 | B84: PSU 2 | C84: =+C83+1 -> 3 | D84: =1+D83 -> 3 | E84: =1+E83 -> 3 | F84: AA BB | G84: CC DDDD | H84: 6 | I84: 1 | J84: 0 | L84: 1 | M84: =+W84 -> 1 | N84: =+IF(Y84=1,Y84,"") -> 1 | O84: =+Z84 -> 1 | P84: =+AB84 -> 1 | Q84: =IF(AD84=1,AD84,"") -> 1 | R84: =+AE84 -> 1 | S84: =+AH84 -> 1 | T84: =IF(AJ84=1,AJ84,"") -> 1 | V84: =+IF(B84=B83,V83,COUNTIFS(B:B,B84,H:H,">0")) -> 12 | W84: =+MIN(1,$D$5/V84) -> 1 | X84: =+W84+X83 -> 17.681617 | Y84: =+INT(X84)-INT(X83) -> 1 | Z84: =1*(I84>0) -> 1 | AA84: =IF(B84=B83,AA83,COUNTIFS(B:B,B84,I:I,">0")) -> 7 | AB84: =+I84*MIN(1,$D$5/AA84) -> 1 | AC84: =+AB84+AC83 -> 17.681617 | AD84: =+INT(AC84)-INT(AC83) -> 1 | AE84: =+(J84>0)+(I84>0) -> 1 | AF84: =+COUNTIFS(B:B,B84,AE:AE,AE84) -> 7 | AG84: =IF(OR(AF84=0,AE84=0),0,IF(AE84=2,ROUND(MIN($D$5*(AF84^$F$5)/(AF84^$F$5+(AA84-AF84)^$F$5),AF84),0),IF(AF84=0,0,MIN($D$5,AA84)-IF(AA84=AF84,0,ROUND(MIN((AE84>0)*$D$5*((AA84-AF84)^$F$5)/((AA84-AF84)^$F$5+AF84^$F$5),AA84-AF84),0))))) -> 7 | AH84: =+MIN(1,AG84/AF84) -> 1 | AI84: =+AH84+AI83 -> 17.681617 | AJ84: =+INT(AI84)-INT(AI83) -> 1 | AL84: =IF(AE84=1,IF(AF84=0,0,MIN($D$5,AA84)-IF(AA84=AF84,0,ROUND(MIN((AE84>0)*$D$5*((AA84-AF84)^$F$5)/((AA84-AF84)^$F$5+AF84^$F$5),AA84-AF84),0))),"") -> 7
A85: Stratum 1 | B85: PSU 2 | C85: =+C84+1 -> 4 | D85: =1+D84 -> 4 | E85: =1+E84 -> 4 | F85: AA BB | G85: CC DDDD | H85: 3 | I85: 1 | J85: 0 | L85: 1 | M85: =+W85 -> 1 | N85: =+IF(Y85=1,Y85,"") -> 1 | O85: =+Z85 -> 1 | P85: =+AB85 -> 1 | Q85: =IF(AD85=1,AD85,"") -> 1 | R85: =+AE85 -> 1 | S85: =+AH85 -> 1 | T85: =IF(AJ85=1,AJ85,"") -> 1 | V85: =+IF(B85=B84,V84,COUNTIFS(B:B,B85,H:H,">0")) -> 12 | W85: =+MIN(1,$D$5/V85) -> 1 | X85: =+W85+X84 -> 18.681617 | Y85: =+INT(X85)-INT(X84) -> 1 | Z85: =1*(I85>0) -> 1 | AA85: =IF(B85=B84,AA84,COUNTIFS(B:B,B85,I:I,">0")) -> 7 | AB85: =+I85*MIN(1,$D$5/AA85) -> 1 | AC85: =+AB85+AC84 -> 18.681617 | AD85: =+INT(AC85)-INT(AC84) -> 1 | AE85: =+(J85>0)+(I85>0) -> 1 | AF85: =+COUNTIFS(B:B,B85,AE:AE,AE85) -> 7 | AG85: =IF(OR(AF85=0,AE85=0),0,IF(AE85=2,ROUND(MIN($D$5*(AF85^$F$5)/(AF85^$F$5+(AA85-AF85)^$F$5),AF85),0),IF(AF85=0,0,MIN($D$5,AA85)-IF(AA85=AF85,0,ROUND(MIN((AE85>0)*$D$5*((AA85-AF85)^$F$5)/((AA85-AF85)^$F$5+AF85^$F$5),AA85-AF85),0))))) -> 7 | AH85: =+MIN(1,AG85/AF85) -> 1 | AI85: =+AH85+AI84 -> 18.681617 | AJ85: =+INT(AI85)-INT(AI84) -> 1 | AL85: =IF(AE85=1,IF(AF85=0,0,MIN($D$5,AA85)-IF(AA85=AF85,0,ROUND(MIN((AE85>0)*$D$5*((AA85-AF85)^$F$5)/((AA85-AF85)^$F$5+AF85^$F$5),AA85-AF85),0))),"") -> 7
A86: Stratum 1 | B86: PSU 2 | C86: =+C85+1 -> 5 | D86: =1+D85 -> 5 | E86: =1+E85 -> 5 | F86: AA BB | G86: CC DDDD | H86: 1 | I86: 1 | J86: 0 | L86: 1 | M86: =+W86 -> 1 | N86: =+IF(Y86=1,Y86,"") -> 1 | O86: =+Z86 -> 1 | P86: =+AB86 -> 1 | Q86: =IF(AD86=1,AD86,"") -> 1 | R86: =+AE86 -> 1 | S86: =+AH86 -> 1 | T86: =IF(AJ86=1,AJ86,"") -> 1 | V86: =+IF(B86=B85,V85,COUNTIFS(B:B,B86,H:H,">0")) -> 12 | W86: =+MIN(1,$D$5/V86) -> 1 | X86: =+W86+X85 -> 19.681617 | Y86: =+INT(X86)-INT(X85) -> 1 | Z86: =1*(I86>0) -> 1 | AA86: =IF(B86=B85,AA85,COUNTIFS(B:B,B86,I:I,">0")) -> 7 | AB86: =+I86*MIN(1,$D$5/AA86) -> 1 | AC86: =+AB86+AC85 -> 19.681617 | AD86: =+INT(AC86)-INT(AC85) -> 1 | AE86: =+(J86>0)+(I86>0) -> 1 | AF86: =+COUNTIFS(B:B,B86,AE:AE,AE86) -> 7 | AG86: =IF(OR(AF86=0,AE86=0),0,IF(AE86=2,ROUND(MIN($D$5*(AF86^$F$5)/(AF86^$F$5+(AA86-AF86)^$F$5),AF86),0),IF(AF86=0,0,MIN($D$5,AA86)-IF(AA86=AF86,0,ROUND(MIN((AE86>0)*$D$5*((AA86-AF86)^$F$5)/((AA86-AF86)^$F$5+AF86^$F$5),AA86-AF86),0))))) -> 7 | AH86: =+MIN(1,AG86/AF86) -> 1 | AI86: =+AH86+AI85 -> 19.681617 | AJ86: =+INT(AI86)-INT(AI85) -> 1 | AL86: =IF(AE86=1,IF(AF86=0,0,MIN($D$5,AA86)-IF(AA86=AF86,0,ROUND(MIN((AE86>0)*$D$5*((AA86-AF86)^$F$5)/((AA86-AF86)^$F$5+AF86^$F$5),AA86-AF86),0))),"") -> 7
A87: Stratum 1 | B87: PSU 2 | C87: =+C86+1 -> 6 | D87: =1+D86 -> 6 | E87: =1+E86 -> 6 | F87: AA BB | G87: CC DDDD | H87: 1 | I87: 1 | J87: 0 | L87: 1 | M87: =+W87 -> 1 | N87: =+IF(Y87=1,Y87,"") -> 1 | O87: =+Z87 -> 1 | P87: =+AB87 -> 1 | Q87: =IF(AD87=1,AD87,"") -> 1 | R87: =+AE87 -> 1 | S87: =+AH87 -> 1 | T87: =IF(AJ87=1,AJ87,"") -> 1 | V87: =+IF(B87=B86,V86,COUNTIFS(B:B,B87,H:H,">0")) -> 12 | W87: =+MIN(1,$D$5/V87) -> 1 | X87: =+W87+X86 -> 20.681617 | Y87: =+INT(X87)-INT(X86) -> 1 | Z87: =1*(I87>0) -> 1 | AA87: =IF(B87=B86,AA86,COUNTIFS(B:B,B87,I:I,">0")) -> 7 | AB87: =+I87*MIN(1,$D$5/AA87) -> 1 | AC87: =+AB87+AC86 -> 20.681617 | AD87: =+INT(AC87)-INT(AC86) -> 1 | AE87: =+(J87>0)+(I87>0) -> 1 | AF87: =+COUNTIFS(B:B,B87,AE:AE,AE87) -> 7 | AG87: =IF(OR(AF87=0,AE87=0),0,IF(AE87=2,ROUND(MIN($D$5*(AF87^$F$5)/(AF87^$F$5+(AA87-AF87)^$F$5),AF87),0),IF(AF87=0,0,MIN($D$5,AA87)-IF(AA87=AF87,0,ROUND(MIN((AE87>0)*$D$5*((AA87-AF87)^$F$5)/((AA87-AF87)^$F$5+AF87^$F$5),AA87-AF87),0))))) -> 7 | AH87: =+MIN(1,AG87/AF87) -> 1 | AI87: =+AH87+AI86 -> 20.681617 | AJ87: =+INT(AI87)-INT(AI86) -> 1 | AL87: =IF(AE87=1,IF(AF87=0,0,MIN($D$5,AA87)-IF(AA87=AF87,0,ROUND(MIN((AE87>0)*$D$5*((AA87-AF87)^$F$5)/((AA87-AF87)^$F$5+AF87^$F$5),AA87-AF87),0))),"") -> 7
A88: Stratum 1 | B88: PSU 2 | C88: =+C87+1 -> 7 | D88: =1+D87 -> 7 | E88: =1+E87 -> 7 | F88: AA BB | G88: CC DDDD | H88: 5 | I88: 1 | J88: 0 | L88: 1 | M88: =+W88 -> 1 | N88: =+IF(Y88=1,Y88,"") -> 1 | O88: =+Z88 -> 1 | P88: =+AB88 -> 1 | Q88: =IF(AD88=1,AD88,"") -> 1 | R88: =+AE88 -> 1 | S88: =+AH88 -> 1 | T88: =IF(AJ88=1,AJ88,"") -> 1 | V88: =+IF(B88=B87,V87,COUNTIFS(B:B,B88,H:H,">0")) -> 12 | W88: =+MIN(1,$D$5/V88) -> 1 | X88: =+W88+X87 -> 21.681617 | Y88: =+INT(X88)-INT(X87) -> 1 | Z88: =1*(I88>0) -> 1 | AA88: =IF(B88=B87,AA87,COUNTIFS(B:B,B88,I:I,">0")) -> 7 | AB88: =+I88*MIN(1,$D$5/AA88) -> 1 | AC88: =+AB88+AC87 -> 21.681617 | AD88: =+INT(AC88)-INT(AC87) -> 1 | AE88: =+(J88>0)+(I88>0) -> 1 | AF88: =+COUNTIFS(B:B,B88,AE:AE,AE88) -> 7 | AG88: =IF(OR(AF88=0,AE88=0),0,IF(AE88=2,ROUND(MIN($D$5*(AF88^$F$5)/(AF88^$F$5+(AA88-AF88)^$F$5),AF88),0),IF(AF88=0,0,MIN($D$5,AA88)-IF(AA88=AF88,0,ROUND(MIN((AE88>0)*$D$5*((AA88-AF88)^$F$5)/((AA88-AF88)^$F$5+AF88^$F$5),AA88-AF88),0))))) -> 7 | AH88: =+MIN(1,AG88/AF88) -> 1 | AI88: =+AH88+AI87 -> 21.681617 | AJ88: =+INT(AI88)-INT(AI87) -> 1 | AL88: =IF(AE88=1,IF(AF88=0,0,MIN($D$5,AA88)-IF(AA88=AF88,0,ROUND(MIN((AE88>0)*$D$5*((AA88-AF88)^$F$5)/((AA88-AF88)^$F$5+AF88^$F$5),AA88-AF88),0))),"") -> 7
A89: Stratum 1 | B89: PSU 2 | C89: =+C88+1 -> 8 | D89: =1+D88 -> 8 | E89: =1+E88 -> 8 | F89: AA BB | G89: CC DDDD | H89: 3 | I89: 0 | J89: 0 | L89: 1 | M89: =+W89 -> 1 | N89: =+IF(Y89=1,Y89,"") -> 1 | O89: =+Z89 -> 0 | P89: =+AB89 -> 0 | Q89: =IF(AD89=1,AD89,"") | R89: =+AE89 -> 0 | S89: =+AH89 -> 0 | T89: =IF(AJ89=1,AJ89,"") | V89: =+IF(B89=B88,V88,COUNTIFS(B:B,B89,H:H,">0")) -> 12 | W89: =+MIN(1,$D$5/V89) -> 1 | X89: =+W89+X88 -> 22.681617 | Y89: =+INT(X89)-INT(X88) -> 1 | Z89: =1*(I89>0) -> 0 | AA89: =IF(B89=B88,AA88,COUNTIFS(B:B,B89,I:I,">0")) -> 7 | AB89: =+I89*MIN(1,$D$5/AA89) -> 0 | AC89: =+AB89+AC88 -> 21.681617 | AD89: =+INT(AC89)-INT(AC88) -> 0 | AE89: =+(J89>0)+(I89>0) -> 0 | AF89: =+COUNTIFS(B:B,B89,AE:AE,AE89) -> 5 | AG89: =IF(OR(AF89=0,AE89=0),0,IF(AE89=2,ROUND(MIN($D$5*(AF89^$F$5)/(AF89^$F$5+(AA89-AF89)^$F$5),AF89),0),IF(AF89=0,0,MIN($D$5,AA89)-IF(AA89=AF89,0,ROUND(MIN((AE89>0)*$D$5*((AA89-AF89)^$F$5)/((AA89-AF89)^$F$5+AF89^$F$5),AA89-AF89),0))))) -> 0 | AH89: =+MIN(1,AG89/AF89) -> 0 | AI89: =+AH89+AI88 -> 21.681617 | AJ89: =+INT(AI89)-INT(AI88) -> 0 | AL89: =IF(AE89=1,IF(AF89=0,0,MIN($D$5,AA89)-IF(AA89=AF89,0,ROUND(MIN((AE89>0)*$D$5*((AA89-AF89)^$F$5)/((AA89-AF89)^$F$5+AF89^$F$5),AA89-AF89),0))),"")
A90: Stratum 1 | B90: PSU 2 | C90: =+C89+1 -> 9 | D90: =1+D89 -> 9 | E90: =1+E89 -> 9 | F90: AA BB | G90: CC DDDD | H90: 4 | I90: 0 | J90: 0 | L90: 1 | M90: =+W90 -> 1 | N90: =+IF(Y90=1,Y90,"") -> 1 | O90: =+Z90 -> 0 | P90: =+AB90 -> 0 | Q90: =IF(AD90=1,AD90,"") | R90: =+AE90 -> 0 | S90: =+AH90 -> 0 | T90: =IF(AJ90=1,AJ90,"") | V90: =+IF(B90=B89,V89,COUNTIFS(B:B,B90,H:H,">0")) -> 12 | W90: =+MIN(1,$D$5/V90) -> 1 | X90: =+W90+X89 -> 23.681617 | Y90: =+INT(X90)-INT(X89) -> 1 | Z90: =1*(I90>0) -> 0 | AA90: =IF(B90=B89,AA89,COUNTIFS(B:B,B90,I:I,">0")) -> 7 | AB90: =+I90*MIN(1,$D$5/AA90) -> 0 | AC90: =+AB90+AC89 -> 21.681617 | AD90: =+INT(AC90)-INT(AC89) -> 0 | AE90: =+(J90>0)+(I90>0) -> 0 | AF90: =+COUNTIFS(B:B,B90,AE:AE,AE90) -> 5 | AG90: =IF(OR(AF90=0,AE90=0),0,IF(AE90=2,ROUND(MIN($D$5*(AF90^$F$5)/(AF90^$F$5+(AA90-AF90)^$F$5),AF90),0),IF(AF90=0,0,MIN($D$5,AA90)-IF(AA90=AF90,0,ROUND(MIN((AE90>0)*$D$5*((AA90-AF90)^$F$5)/((AA90-AF90)^$F$5+AF90^$F$5),AA90-AF90),0))))) -> 0 | AH90: =+MIN(1,AG90/AF90) -> 0 | AI90: =+AH90+AI89 -> 21.681617 | AJ90: =+INT(AI90)-INT(AI89) -> 0 | AL90: =IF(AE90=1,IF(AF90=0,0,MIN($D$5,AA90)-IF(AA90=AF90,0,ROUND(MIN((AE90>0)*$D$5*((AA90-AF90)^$F$5)/((AA90-AF90)^$F$5+AF90^$F$5),AA90-AF90),0))),"")
A91: Stratum 1 | B91: PSU 2 | C91: =+C90+1 -> 10 | D91: =1+D90 -> 10 | E91: =1+E90 -> 10 | F91: AA BB | G91: CC DDDD | H91: 5 | I91: 0 | J91: 0 | L91: 1 | M91: =+W91 -> 1 | N91: =+IF(Y91=1,Y91,"") -> 1 | O91: =+Z91 -> 0 | P91: =+AB91 -> 0 | Q91: =IF(AD91=1,AD91,"") | R91: =+AE91 -> 0 | S91: =+AH91 -> 0 | T91: =IF(AJ91=1,AJ91,"") | V91: =+IF(B91=B90,V90,COUNTIFS(B:B,B91,H:H,">0")) -> 12 | W91: =+MIN(1,$D$5/V91) -> 1 | X91: =+W91+X90 -> 24.681617 | Y91: =+INT(X91)-INT(X90) -> 1 | Z91: =1*(I91>0) -> 0 | AA91: =IF(B91=B90,AA90,COUNTIFS(B:B,B91,I:I,">0")) -> 7 | AB91: =+I91*MIN(1,$D$5/AA91) -> 0 | AC91: =+AB91+AC90 -> 21.681617 | AD91: =+INT(AC91)-INT(AC90) -> 0 | AE91: =+(J91>0)+(I91>0) -> 0 | AF91: =+COUNTIFS(B:B,B91,AE:AE,AE91) -> 5 | AG91: =IF(OR(AF91=0,AE91=0),0,IF(AE91=2,ROUND(MIN($D$5*(AF91^$F$5)/(AF91^$F$5+(AA91-AF91)^$F$5),AF91),0),IF(AF91=0,0,MIN($D$5,AA91)-IF(AA91=AF91,0,ROUND(MIN((AE91>0)*$D$5*((AA91-AF91)^$F$5)/((AA91-AF91)^$F$5+AF91^$F$5),AA91-AF91),0))))) -> 0 | AH91: =+MIN(1,AG91/AF91) -> 0 | AI91: =+AH91+AI90 -> 21.681617 | AJ91: =+INT(AI91)-INT(AI90) -> 0 | AL91: =IF(AE91=1,IF(AF91=0,0,MIN($D$5,AA91)-IF(AA91=AF91,0,ROUND(MIN((AE91>0)*$D$5*((AA91-AF91)^$F$5)/((AA91-AF91)^$F$5+AF91^$F$5),AA91-AF91),0))),"")
A92: Stratum 1 | B92: PSU 2 | C92: 10 | D92: 10 | E92: =1+E91 -> 11 | F92: AA BB | G92: CC DDDD | H92: 3 | I92: 0 | J92: 0 | L92: 1 | M92: =+W92 -> 1 | N92: =+IF(Y92=1,Y92,"") -> 1 | O92: =+Z92 -> 0 | P92: =+AB92 -> 0 | Q92: =IF(AD92=1,AD92,"") | R92: =+AE92 -> 0 | S92: =+AH92 -> 0 | T92: =IF(AJ92=1,AJ92,"") | V92: =+IF(B92=B91,V91,COUNTIFS(B:B,B92,H:H,">0")) -> 12 | W92: =+MIN(1,$D$5/V92) -> 1 | X92: =+W92+X91 -> 25.681617 | Y92: =+INT(X92)-INT(X91) -> 1 | Z92: =1*(I92>0) -> 0 | AA92: =IF(B92=B91,AA91,COUNTIFS(B:B,B92,I:I,">0")) -> 7 | AB92: =+I92*MIN(1,$D$5/AA92) -> 0 | AC92: =+AB92+AC91 -> 21.681617 | AD92: =+INT(AC92)-INT(AC91) -> 0 | AE92: =+(J92>0)+(I92>0) -> 0 | AF92: =+COUNTIFS(B:B,B92,AE:AE,AE92) -> 5 | AG92: =IF(OR(AF92=0,AE92=0),0,IF(AE92=2,ROUND(MIN($D$5*(AF92^$F$5)/(AF92^$F$5+(AA92-AF92)^$F$5),AF92),0),IF(AF92=0,0,MIN($D$5,AA92)-IF(AA92=AF92,0,ROUND(MIN((AE92>0)*$D$5*((AA92-AF92)^$F$5)/((AA92-AF92)^$F$5+AF92^$F$5),AA92-AF92),0))))) -> 0 | AH92: =+MIN(1,AG92/AF92) -> 0 | AI92: =+AH92+AI91 -> 21.681617 | AJ92: =+INT(AI92)-INT(AI91) -> 0 | AL92: =IF(AE92=1,IF(AF92=0,0,MIN($D$5,AA92)-IF(AA92=AF92,0,ROUND(MIN((AE92>0)*$D$5*((AA92-AF92)^$F$5)/((AA92-AF92)^$F$5+AF92^$F$5),AA92-AF92),0))),"")
A93: Stratum 1 | B93: PSU 2 | C93: 10 | D93: 10 | E93: =1+E92 -> 12 | F93: AA BB | G93: CC DDDD | H93: 2 | I93: 0 | J93: 0 | L93: 1 | M93: =+W93 -> 1 | N93: =+IF(Y93=1,Y93,"") -> 1 | O93: =+Z93 -> 0 | P93: =+AB93 -> 0 | Q93: =IF(AD93=1,AD93,"") | R93: =+AE93 -> 0 | S93: =+AH93 -> 0 | T93: =IF(AJ93=1,AJ93,"") | V93: =+IF(B93=B92,V92,COUNTIFS(B:B,B93,H:H,">0")) -> 12 | W93: =+MIN(1,$D$5/V93) -> 1 | X93: =+W93+X92 -> 26.681617 | Y93: =+INT(X93)-INT(X92) -> 1 | Z93: =1*(I93>0) -> 0 | AA93: =IF(B93=B92,AA92,COUNTIFS(B:B,B93,I:I,">0")) -> 7 | AB93: =+I93*MIN(1,$D$5/AA93) -> 0 | AC93: =+AB93+AC92 -> 21.681617 | AD93: =+INT(AC93)-INT(AC92) -> 0 | AE93: =+(J93>0)+(I93>0) -> 0 | AF93: =+COUNTIFS(B:B,B93,AE:AE,AE93) -> 5 | AG93: =IF(OR(AF93=0,AE93=0),0,IF(AE93=2,ROUND(MIN($D$5*(AF93^$F$5)/(AF93^$F$5+(AA93-AF93)^$F$5),AF93),0),IF(AF93=0,0,MIN($D$5,AA93)-IF(AA93=AF93,0,ROUND(MIN((AE93>0)*$D$5*((AA93-AF93)^$F$5)/((AA93-AF93)^$F$5+AF93^$F$5),AA93-AF93),0))))) -> 0 | AH93: =+MIN(1,AG93/AF93) -> 0 | AI93: =+AH93+AI92 -> 21.681617 | AJ93: =+INT(AI93)-INT(AI92) -> 0 | AL93: =IF(AE93=1,IF(AF93=0,0,MIN($D$5,AA93)-IF(AA93=AF93,0,ROUND(MIN((AE93>0)*$D$5*((AA93-AF93)^$F$5)/((AA93-AF93)^$F$5+AF93^$F$5),AA93-AF93),0))),"")
A94: Stratum 1 | B94: PSU 3 | C94: 1 | D94: 1 | E94: 1 | F94: AA BB | G94: CC DDDD | H94: 3 | I94: 1 | J94: 1 | L94: 1 | M94: =+W94 -> 0.12195122 | N94: =+IF(Y94=1,Y94,"") | O94: =+Z94 -> 1 | P94: =+AB94 -> 0.16483516 | Q94: =IF(AD94=1,AD94,"") | R94: =+AE94 -> 2 | S94: =+AH94 -> 1 | T94: =IF(AJ94=1,AJ94,"") -> 1 | V94: =+IF(B94=B93,V93,COUNTIFS(B:B,B94,H:H,">0")) -> 123 | W94: =+MIN(1,$D$5/V94) -> 0.12195122 | X94: =+W94+X93 -> 26.803568 | Y94: =+INT(X94)-INT(X93) -> 0 | Z94: =1*(I94>0) -> 1 | AA94: =IF(B94=B93,AA93,COUNTIFS(B:B,B94,I:I,">0")) -> 91 | AB94: =+I94*MIN(1,$D$5/AA94) -> 0.16483516 | AC94: =+AB94+AC93 -> 21.846452 | AD94: =+INT(AC94)-INT(AC93) -> 0 | AE94: =+(J94>0)+(I94>0) -> 2 | AF94: =+COUNTIFS(B:B,B94,AE:AE,AE94) -> 11 | AG94: =IF(OR(AF94=0,AE94=0),0,IF(AE94=2,ROUND(MIN($D$5*(AF94^$F$5)/(AF94^$F$5+(AA94-AF94)^$F$5),AF94),0),IF(AF94=0,0,MIN($D$5,AA94)-IF(AA94=AF94,0,ROUND(MIN((AE94>0)*$D$5*((AA94-AF94)^$F$5)/((AA94-AF94)^$F$5+AF94^$F$5),AA94-AF94),0))))) -> 11 | AH94: =+MIN(1,AG94/AF94) -> 1 | AI94: =+AH94+AI93 -> 22.681617 | AJ94: =+INT(AI94)-INT(AI93) -> 1 | AL94: =IF(AE94=1,IF(AF94=0,0,MIN($D$5,AA94)-IF(AA94=AF94,0,ROUND(MIN((AE94>0)*$D$5*((AA94-AF94)^$F$5)/((AA94-AF94)^$F$5+AF94^$F$5),AA94-AF94),0))),"")
A95: Stratum 1 | B95: PSU 3 | C95: =+C94+1 -> 2 | D95: =1+D94 -> 2 | E95: =1+E94 -> 2 | F95: AA BB | G95: CC DDDD | H95: 6 | I95: 1 | J95: 1 | L95: 1 | M95: =+W95 -> 0.12195122 | N95: =+IF(Y95=1,Y95,"") | O95: =+Z95 -> 1 | P95: =+AB95 -> 0.16483516 | Q95: =IF(AD95=1,AD95,"") -> 1 | R95: =+AE95 -> 2 | S95: =+AH95 -> 1 | T95: =IF(AJ95=1,AJ95,"") -> 1 | V95: =+IF(B95=B94,V94,COUNTIFS(B:B,B95,H:H,">0")) -> 123 | W95: =+MIN(1,$D$5/V95) -> 0.12195122 | X95: =+W95+X94 -> 26.925519 | Y95: =+INT(X95)-INT(X94) -> 0 | Z95: =1*(I95>0) -> 1 | AA95: =IF(B95=B94,AA94,COUNTIFS(B:B,B95,I:I,">0")) -> 91 | AB95: =+I95*MIN(1,$D$5/AA95) -> 0.16483516 | AC95: =+AB95+AC94 -> 22.011287 | AD95: =+INT(AC95)-INT(AC94) -> 1 | AE95: =+(J95>0)+(I95>0) -> 2 | AF95: =+COUNTIFS(B:B,B95,AE:AE,AE95) -> 11 | AG95: =IF(OR(AF95=0,AE95=0),0,IF(AE95=2,ROUND(MIN($D$5*(AF95^$F$5)/(AF95^$F$5+(AA95-AF95)^$F$5),AF95),0),IF(AF95=0,0,MIN($D$5,AA95)-IF(AA95=AF95,0,ROUND(MIN((AE95>0)*$D$5*((AA95-AF95)^$F$5)/((AA95-AF95)^$F$5+AF95^$F$5),AA95-AF95),0))))) -> 11 | AH95: =+MIN(1,AG95/AF95) -> 1 | AI95: =+AH95+AI94 -> 23.681617 | AJ95: =+INT(AI95)-INT(AI94) -> 1 | AL95: =IF(AE95=1,IF(AF95=0,0,MIN($D$5,AA95)-IF(AA95=AF95,0,ROUND(MIN((AE95>0)*$D$5*((AA95-AF95)^$F$5)/((AA95-AF95)^$F$5+AF95^$F$5),AA95-AF95),0))),"")
A96: Stratum 1 | B96: PSU 3 | C96: =+C95+1 -> 3 | D96: =1+D95 -> 3 | E96: =1+E95 -> 3 | F96: AA BB | G96: CC DDDD | H96: 1 | I96: 1 | J96: 1 | L96: 1 | M96: =+W96 -> 0.12195122 | N96: =+IF(Y96=1,Y96,"") -> 1 | O96: =+Z96 -> 1 | P96: =+AB96 -> 0.16483516 | Q96: =IF(AD96=1,AD96,"") | R96: =+AE96 -> 2 | S96: =+AH96 -> 1 | T96: =IF(AJ96=1,AJ96,"") -> 1 | V96: =+IF(B96=B95,V95,COUNTIFS(B:B,B96,H:H,">0")) -> 123 | W96: =+MIN(1,$D$5/V96) -> 0.12195122 | X96: =+W96+X95 -> 27.047471 | Y96: =+INT(X96)-INT(X95) -> 1 | Z96: =1*(I96>0) -> 1 | AA96: =IF(B96=B95,AA95,COUNTIFS(B:B,B96,I:I,">0")) -> 91 | AB96: =+I96*MIN(1,$D$5/AA96) -> 0.16483516 | AC96: =+AB96+AC95 -> 22.176122 | AD96: =+INT(AC96)-INT(AC95) -> 0 | AE96: =+(J96>0)+(I96>0) -> 2 | AF96: =+COUNTIFS(B:B,B96,AE:AE,AE96) -> 11 | AG96: =IF(OR(AF96=0,AE96=0),0,IF(AE96=2,ROUND(MIN($D$5*(AF96^$F$5)/(AF96^$F$5+(AA96-AF96)^$F$5),AF96),0),IF(AF96=0,0,MIN($D$5,AA96)-IF(AA96=AF96,0,ROUND(MIN((AE96>0)*$D$5*((AA96-AF96)^$F$5)/((AA96-AF96)^$F$5+AF96^$F$5),AA96-AF96),0))))) -> 11 | AH96: =+MIN(1,AG96/AF96) -> 1 | AI96: =+AH96+AI95 -> 24.681617 | AJ96: =+INT(AI96)-INT(AI95) -> 1 | AL96: =IF(AE96=1,IF(AF96=0,0,MIN($D$5,AA96)-IF(AA96=AF96,0,ROUND(MIN((AE96>0)*$D$5*((AA96-AF96)^$F$5)/((AA96-AF96)^$F$5+AF96^$F$5),AA96-AF96),0))),"")
A97: Stratum 1 | B97: PSU 3 | C97: 3 | D97: =1+D96 -> 4 | E97: =1+E96 -> 4 | F97: AA BB | G97: CC DDDD | H97: 3 | I97: 1 | J97: 1 | L97: 1 | M97: =+W97 -> 0.12195122 | N97: =+IF(Y97=1,Y97,"") | O97: =+Z97 -> 1 | P97: =+AB97 -> 0.16483516 | Q97: =IF(AD97=1,AD97,"") | R97: =+AE97 -> 2 | S97: =+AH97 -> 1 | T97: =IF(AJ97=1,AJ97,"") -> 1 | V97: =+IF(B97=B96,V96,COUNTIFS(B:B,B97,H:H,">0")) -> 123 | W97: =+MIN(1,$D$5/V97) -> 0.12195122 | X97: =+W97+X96 -> 27.169422 | Y97: =+INT(X97)-INT(X96) -> 0 | Z97: =1*(I97>0) -> 1 | AA97: =IF(B97=B96,AA96,COUNTIFS(B:B,B97,I:I,">0")) -> 91 | AB97: =+I97*MIN(1,$D$5/AA97) -> 0.16483516 | AC97: =+AB97+AC96 -> 22.340958 | AD97: =+INT(AC97)-INT(AC96) -> 0 | AE97: =+(J97>0)+(I97>0) -> 2 | AF97: =+COUNTIFS(B:B,B97,AE:AE,AE97) -> 11 | AG97: =IF(OR(AF97=0,AE97=0),0,IF(AE97=2,ROUND(MIN($D$5*(AF97^$F$5)/(AF97^$F$5+(AA97-AF97)^$F$5),AF97),0),IF(AF97=0,0,MIN($D$5,AA97)-IF(AA97=AF97,0,ROUND(MIN((AE97>0)*$D$5*((AA97-AF97)^$F$5)/((AA97-AF97)^$F$5+AF97^$F$5),AA97-AF97),0))))) -> 11 | AH97: =+MIN(1,AG97/AF97) -> 1 | AI97: =+AH97+AI96 -> 25.681617 | AJ97: =+INT(AI97)-INT(AI96) -> 1 | AL97: =IF(AE97=1,IF(AF97=0,0,MIN($D$5,AA97)-IF(AA97=AF97,0,ROUND(MIN((AE97>0)*$D$5*((AA97-AF97)^$F$5)/((AA97-AF97)^$F$5+AF97^$F$5),AA97-AF97),0))),"")
A98: Stratum 1 | B98: PSU 3 | C98: =+C97+1 -> 4 | D98: =1+D97 -> 5 | E98: =1+E97 -> 5 | F98: AA BB | G98: CC DDDD | H98: 6 | I98: 1 | J98: 1 | L98: 1 | M98: =+W98 -> 0.12195122 | N98: =+IF(Y98=1,Y98,"") | O98: =+Z98 -> 1 | P98: =+AB98 -> 0.16483516 | Q98: =IF(AD98=1,AD98,"") | R98: =+AE98 -> 2 | S98: =+AH98 -> 1 | T98: =IF(AJ98=1,AJ98,"") -> 1 | V98: =+IF(B98=B97,V97,COUNTIFS(B:B,B98,H:H,">0")) -> 123 | W98: =+MIN(1,$D$5/V98) -> 0.12195122 | X98: =+W98+X97 -> 27.291373 | Y98: =+INT(X98)-INT(X97) -> 0 | Z98: =1*(I98>0) -> 1 | AA98: =IF(B98=B97,AA97,COUNTIFS(B:B,B98,I:I,">0")) -> 91 | AB98: =+I98*MIN(1,$D$5/AA98) -> 0.16483516 | AC98: =+AB98+AC97 -> 22.505793 | AD98: =+INT(AC98)-INT(AC97) -> 0 | AE98: =+(J98>0)+(I98>0) -> 2 | AF98: =+COUNTIFS(B:B,B98,AE:AE,AE98) -> 11 | AG98: =IF(OR(AF98=0,AE98=0),0,IF(AE98=2,ROUND(MIN($D$5*(AF98^$F$5)/(AF98^$F$5+(AA98-AF98)^$F$5),AF98),0),IF(AF98=0,0,MIN($D$5,AA98)-IF(AA98=AF98,0,ROUND(MIN((AE98>0)*$D$5*((AA98-AF98)^$F$5)/((AA98-AF98)^$F$5+AF98^$F$5),AA98-AF98),0))))) -> 11 | AH98: =+MIN(1,AG98/AF98) -> 1 | AI98: =+AH98+AI97 -> 26.681617 | AJ98: =+INT(AI98)-INT(AI97) -> 1 | AL98: =IF(AE98=1,IF(AF98=0,0,MIN($D$5,AA98)-IF(AA98=AF98,0,ROUND(MIN((AE98>0)*$D$5*((AA98-AF98)^$F$5)/((AA98-AF98)^$F$5+AF98^$F$5),AA98-AF98),0))),"")
A99: Stratum 1 | B99: PSU 3 | C99: 4 | D99: 5 | E99: =1+E98 -> 6 | F99: AA BB | G99: CC DDDD | H99: 2 | I99: 1 | J99: 1 | L99: 1 | M99: =+W99 -> 0.12195122 | N99: =+IF(Y99=1,Y99,"") | O99: =+Z99 -> 1 | P99: =+AB99 -> 0.16483516 | Q99: =IF(AD99=1,AD99,"") | R99: =+AE99 -> 2 | S99: =+AH99 -> 1 | T99: =IF(AJ99=1,AJ99,"") -> 1 | V99: =+IF(B99=B98,V98,COUNTIFS(B:B,B99,H:H,">0")) -> 123 | W99: =+MIN(1,$D$5/V99) -> 0.12195122 | X99: =+W99+X98 -> 27.413324 | Y99: =+INT(X99)-INT(X98) -> 0 | Z99: =1*(I99>0) -> 1 | AA99: =IF(B99=B98,AA98,COUNTIFS(B:B,B99,I:I,">0")) -> 91 | AB99: =+I99*MIN(1,$D$5/AA99) -> 0.16483516 | AC99: =+AB99+AC98 -> 22.670628 | AD99: =+INT(AC99)-INT(AC98) -> 0 | AE99: =+(J99>0)+(I99>0) -> 2 | AF99: =+COUNTIFS(B:B,B99,AE:AE,AE99) -> 11 | AG99: =IF(OR(AF99=0,AE99=0),0,IF(AE99=2,ROUND(MIN($D$5*(AF99^$F$5)/(AF99^$F$5+(AA99-AF99)^$F$5),AF99),0),IF(AF99=0,0,MIN($D$5,AA99)-IF(AA99=AF99,0,ROUND(MIN((AE99>0)*$D$5*((AA99-AF99)^$F$5)/((AA99-AF99)^$F$5+AF99^$F$5),AA99-AF99),0))))) -> 11 | AH99: =+MIN(1,AG99/AF99) -> 1 | AI99: =+AH99+AI98 -> 27.681617 | AJ99: =+INT(AI99)-INT(AI98) -> 1 | AL99: =IF(AE99=1,IF(AF99=0,0,MIN($D$5,AA99)-IF(AA99=AF99,0,ROUND(MIN((AE99>0)*$D$5*((AA99-AF99)^$F$5)/((AA99-AF99)^$F$5+AF99^$F$5),AA99-AF99),0))),"")
A100: Stratum 1 | B100: PSU 3 | C100: 5 | D100: =1+D99 -> 6 | E100: =1+E99 -> 7 | F100: AA BB | G100: CC DDDD | H100: 6 | I100: 1 | J100: 1 | L100: 1 | M100: =+W100 -> 0.12195122 | N100: =+IF(Y100=1,Y100,"") | O100: =+Z100 -> 1 | P100: =+AB100 -> 0.16483516 | Q100: =IF(AD100=1,AD100,"") | R100: =+AE100 -> 2 | S100: =+AH100 -> 1 | T100: =IF(AJ100=1,AJ100,"") -> 1 | V100: =+IF(B100=B99,V99,COUNTIFS(B:B,B100,H:H,">0")) -> 123 | W100: =+MIN(1,$D$5/V100) -> 0.12195122 | X100: =+W100+X99 -> 27.535276 | Y100: =+INT(X100)-INT(X99) -> 0 | Z100: =1*(I100>0) -> 1 | AA100: =IF(B100=B99,AA99,COUNTIFS(B:B,B100,I:I,">0")) -> 91 | AB100: =+I100*MIN(1,$D$5/AA100) -> 0.16483516 | AC100: =+AB100+AC99 -> 22.835463 | AD100: =+INT(AC100)-INT(AC99) -> 0 | AE100: =+(J100>0)+(I100>0) -> 2 | AF100: =+COUNTIFS(B:B,B100,AE:AE,AE100) -> 11 | AG100: =IF(OR(AF100=0,AE100=0),0,IF(AE100=2,ROUND(MIN($D$5*(AF100^$F$5)/(AF100^$F$5+(AA100-AF100)^$F$5),AF100),0),IF(AF100=0,0,MIN($D$5,AA100)-IF(AA100=AF100,0,ROUND(MIN((AE100>0)*$D$5*((AA100-AF100)^$F$5)/((AA100-AF100)^$F$5+AF100^$F$5),AA100-AF100),0))))) -> 11 | AH100: =+MIN(1,AG100/AF100) -> 1 | AI100: =+AH100+AI99 -> 28.681617 | AJ100: =+INT(AI100)-INT(AI99) -> 1 | AL100: =IF(AE100=1,IF(AF100=0,0,MIN($D$5,AA100)-IF(AA100=AF100,0,ROUND(MIN((AE100>0)*$D$5*((AA100-AF100)^$F$5)/((AA100-AF100)^$F$5+AF100^$F$5),AA100-AF100),0))),"")
...

Sheet HH Selection
A1: SAMPLE SELECTION OF HOUSEHOLDS IN SAMPLE PSUs by systematic equal probability sampling
A3: INPUT VALUES | G3: OUTPUT VALUES | AG3: INTERMEDIARY CALCULATIONS
G4: random number | Q4: =+'PSU Selection'!D6 -> 0.2977869 | AH4: =+Q4 -> 0.2977869
A5: Stratum | B5: PSU number | C5: PSU virtual division | D5: Number of households listed | E5: Number of household to be selected | G5: 1 | H5: =+G5+1 -> 2 | I5: =+H5+1 -> 3 | J5: =+I5+1 -> 4 | K5: =+J5+1 -> 5 | L5: =+K5+1 -> 6 | M5: =+L5+1 -> 7 | N5: =+M5+1 -> 8 | O5: =+N5+1 -> 9 | ... AE5: =+AD5+1 -> 25 | AG5: Selection Interval | AH5: Random number
A6: h | B6: i | C6: vi | D6: Ni | E6: bi | G6: SELECT HOUSEHOLD WITH THE FOLLOWING NUMBERS | AG6: I | AH6: r
A7: 1 | B7: 001 | C7: 1 | D7: 163 | E7: 16 | G7: =(D7<E7)*(G$5*(E7>=G$5))+(D7>=E7)*(AH7+(C7-1)*1) -> 3.7359171 | H7: =($D7<$E7)*(H$5*(H$5<=$D7)*($E7>=H$5))+($D7>=$E7)*(IF(AND(H$5<=$D7,H$5<=$E7),G7+$AG7,0)) -> 13.923417 | I7: =($D7<$E7)*(I$5*(I$5<=$D7)*($E7>=I$5))+($D7>=$E7)*(IF(AND(I$5<=$D7,I$5<=$E7),H7+$AG7,0)) -> 24.110917 | J7: =($D7<$E7)*(J$5*(J$5<=$D7)*($E7>=J$5))+($D7>=$E7)*(IF(AND(J$5<=$D7,J$5<=$E7),I7+$AG7,0)) -> 34.298417 | K7: =($D7<$E7)*(K$5*(K$5<=$D7)*($E7>=K$5))+($D7>=$E7)*(IF(AND(K$5<=$D7,K$5<=$E7),J7+$AG7,0)) -> 44.485917 | L7: =($D7<$E7)*(L$5*(L$5<=$D7)*($E7>=L$5))+($D7>=$E7)*(IF(AND(L$5<=$D7,L$5<=$E7),K7+$AG7,0)) -> 54.673417 | M7: =($D7<$E7)*(M$5*(M$5<=$D7)*($E7>=M$5))+($D7>=$E7)*(IF(AND(M$5<=$D7,M$5<=$E7),L7+$AG7,0)) -> 64.860917 | N7: =($D7<$E7)*(N$5*(N$5<=$D7)*($E7>=N$5))+($D7>=$E7)*(IF(AND(N$5<=$D7,N$5<=$E7),M7+$AG7,0)) -> 75.048417 | O7: =($D7<$E7)*(O$5*(O$5<=$D7)*($E7>=O$5))+($D7>=$E7)*(IF(AND(O$5<=$D7,O$5<=$E7),N7+$AG7,0)) -> 85.235917 | ... AE7: =($D7<$E7)*(AE$5*(AE$5<=$D7)*($E7>=AE$5))+($D7>=$E7)*(IF(AND(AE$5<=$D7,AE$5<=$E7),AD7+$AG7,0)) -> 0 | AG7: =+D7/E7 -> 10.1875 | AH7: =AH$4*(AG7-1)+1 -> 3.7359171
A8: 1 | B8: 002 | C8: 1 | D8: 206 | E8: 16 | G8: =(D8<E8)*(G$5*(E8>=G$5))+(D8>=E8)*(AH8+(C8-1)*D7) -> 4.5362194 | H8: =($D8<$E8)*(H$5*(H$5<=$D8)*($E8>=H$5))+($D8>=$E8)*(IF(AND(H$5<=$D8,H$5<=$E8),G8+$AG8,0)) -> 17.411219 | I8: =($D8<$E8)*(I$5*(I$5<=$D8)*($E8>=I$5))+($D8>=$E8)*(IF(AND(I$5<=$D8,I$5<=$E8),H8+$AG8,0)) -> 30.286219 | J8: =($D8<$E8)*(J$5*(J$5<=$D8)*($E8>=J$5))+($D8>=$E8)*(IF(AND(J$5<=$D8,J$5<=$E8),I8+$AG8,0)) -> 43.161219 | K8: =($D8<$E8)*(K$5*(K$5<=$D8)*($E8>=K$5))+($D8>=$E8)*(IF(AND(K$5<=$D8,K$5<=$E8),J8+$AG8,0)) -> 56.036219 | L8: =($D8<$E8)*(L$5*(L$5<=$D8)*($E8>=L$5))+($D8>=$E8)*(IF(AND(L$5<=$D8,L$5<=$E8),K8+$AG8,0)) -> 68.911219 | M8: =($D8<$E8)*(M$5*(M$5<=$D8)*($E8>=M$5))+($D8>=$E8)*(IF(AND(M$5<=$D8,M$5<=$E8),L8+$AG8,0)) -> 81.786219 | N8: =($D8<$E8)*(N$5*(N$5<=$D8)*($E8>=N$5))+($D8>=$E8)*(IF(AND(N$5<=$D8,N$5<=$E8),M8+$AG8,0)) -> 94.661219 | O8: =($D8<$E8)*(O$5*(O$5<=$D8)*($E8>=O$5))+($D8>=$E8)*(IF(AND(O$5<=$D8,O$5<=$E8),N8+$AG8,0)) -> 107.53622 | ... AE8: =($D8<$E8)*(AE$5*(AE$5<=$D8)*($E8>=AE$5))+($D8>=$E8)*(IF(AND(AE$5<=$D8,AE$5<=$E8),AD8+$AG8,0)) -> 0 | AG8: =+D8/E8 -> 12.875 | AH8: =AH$4*(AG8-1)+1 -> 4.5362194
A9: 1 | B9: 003 | C9: 1 | D9: 13 | E9: 16 | G9: =(D9<E9)*(G$5*(E9>=G$5))+(D9>=E9)*(AH9+(C9-1)*D8) -> 1 | H9: =($D9<$E9)*(H$5*(H$5<=$D9)*($E9>=H$5))+($D9>=$E9)*(IF(AND(H$5<=$D9,H$5<=$E9),G9+$AG9,0)) -> 2 | I9: =($D9<$E9)*(I$5*(I$5<=$D9)*($E9>=I$5))+($D9>=$E9)*(IF(AND(I$5<=$D9,I$5<=$E9),H9+$AG9,0)) -> 3 | J9: =($D9<$E9)*(J$5*(J$5<=$D9)*($E9>=J$5))+($D9>=$E9)*(IF(AND(J$5<=$D9,J$5<=$E9),I9+$AG9,0)) -> 4 | K9: =($D9<$E9)*(K$5*(K$5<=$D9)*($E9>=K$5))+($D9>=$E9)*(IF(AND(K$5<=$D9,K$5<=$E9),J9+$AG9,0)) -> 5 | L9: =($D9<$E9)*(L$5*(L$5<=$D9)*($E9>=L$5))+($D9>=$E9)*(IF(AND(L$5<=$D9,L$5<=$E9),K9+$AG9,0)) -> 6 | M9: =($D9<$E9)*(M$5*(M$5<=$D9)*($E9>=M$5))+($D9>=$E9)*(IF(AND(M$5<=$D9,M$5<=$E9),L9+$AG9,0)) -> 7 | N9: =($D9<$E9)*(N$5*(N$5<=$D9)*($E9>=N$5))+($D9>=$E9)*(IF(AND(N$5<=$D9,N$5<=$E9),M9+$AG9,0)) -> 8 | O9: =($D9<$E9)*(O$5*(O$5<=$D9)*($E9>=O$5))+($D9>=$E9)*(IF(AND(O$5<=$D9,O$5<=$E9),N9+$AG9,0)) -> 9 | ... AE9: =($D9<$E9)*(AE$5*(AE$5<=$D9)*($E9>=AE$5))+($D9>=$E9)*(IF(AND(AE$5<=$D9,AE$5<=$E9),AD9+$AG9,0)) -> 0 | AG9: =+D9/E9 -> 0.8125 | AH9: =AH$4*(AG9-1)+1 -> 0.94416496
A10: 1 | B10: 004 | C10: 1 | D10: 291 | E10: 16 | G10: =(D10<E10)*(G$5*(E10>=G$5))+(D10>=E10)*(AH10+(C10-1)*D9) -> 6.1182123 | H10: =($D10<$E10)*(H$5*(H$5<=$D10)*($E10>=H$5))+($D10>=$E10)*(IF(AND(H$5<=$D10,H$5<=$E10),G10+$AG10,0)) -> 24.305712 | I10: =($D10<$E10)*(I$5*(I$5<=$D10)*($E10>=I$5))+($D10>=$E10)*(IF(AND(I$5<=$D10,I$5<=$E10),H10+$AG10,0)) -> 42.493212 | J10: =($D10<$E10)*(J$5*(J$5<=$D10)*($E10>=J$5))+($D10>=$E10)*(IF(AND(J$5<=$D10,J$5<=$E10),I10+$AG10,0)) -> 60.680712 | K10: =($D10<$E10)*(K$5*(K$5<=$D10)*($E10>=K$5))+($D10>=$E10)*(IF(AND(K$5<=$D10,K$5<=$E10),J10+$AG10,0)) -> 78.868212 | L10: =($D10<$E10)*(L$5*(L$5<=$D10)*($E10>=L$5))+($D10>=$E10)*(IF(AND(L$5<=$D10,L$5<=$E10),K10+$AG10,0)) -> 97.055712 | M10: =($D10<$E10)*(M$5*(M$5<=$D10)*($E10>=M$5))+($D10>=$E10)*(IF(AND(M$5<=$D10,M$5<=$E10),L10+$AG10,0)) -> 115.24321 | N10: =($D10<$E10)*(N$5*(N$5<=$D10)*($E10>=N$5))+($D10>=$E10)*(IF(AND(N$5<=$D10,N$5<=$E10),M10+$AG10,0)) -> 133.43071 | O10: =($D10<$E10)*(O$5*(O$5<=$D10)*($E10>=O$5))+($D10>=$E10)*(IF(AND(O$5<=$D10,O$5<=$E10),N10+$AG10,0)) -> 151.61821 | ... AE10: =($D10<$E10)*(AE$5*(AE$5<=$D10)*($E10>=AE$5))+($D10>=$E10)*(IF(AND(AE$5<=$D10,AE$5<=$E10),AD10+$AG10,0)) -> 0 | AG10: =+D10/E10 -> 18.1875 | AH10: =AH$4*(AG10-1)+1 -> 6.1182123
A11: 1 | B11: 005 | C11: 1 | D11: 521 | E11: 16 | G11: =(D11<E11)*(G$5*(E11>=G$5))+(D11>=E11)*(AH11+(C11-1)*D10) -> 10.398899 | H11: =($D11<$E11)*(H$5*(H$5<=$D11)*($E11>=H$5))+($D11>=$E11)*(IF(AND(H$5<=$D11,H$5<=$E11),G11+$AG11,0)) -> 42.961399 | I11: =($D11<$E11)*(I$5*(I$5<=$D11)*($E11>=I$5))+($D11>=$E11)*(IF(AND(I$5<=$D11,I$5<=$E11),H11+$AG11,0)) -> 75.523899 | J11: =($D11<$E11)*(J$5*(J$5<=$D11)*($E11>=J$5))+($D11>=$E11)*(IF(AND(J$5<=$D11,J$5<=$E11),I11+$AG11,0)) -> 108.0864 | K11: =($D11<$E11)*(K$5*(K$5<=$D11)*($E11>=K$5))+($D11>=$E11)*(IF(AND(K$5<=$D11,K$5<=$E11),J11+$AG11,0)) -> 140.6489 | L11: =($D11<$E11)*(L$5*(L$5<=$D11)*($E11>=L$5))+($D11>=$E11)*(IF(AND(L$5<=$D11,L$5<=$E11),K11+$AG11,0)) -> 173.2114 | M11: =($D11<$E11)*(M$5*(M$5<=$D11)*($E11>=M$5))+($D11>=$E11)*(IF(AND(M$5<=$D11,M$5<=$E11),L11+$AG11,0)) -> 205.7739 | N11: =($D11<$E11)*(N$5*(N$5<=$D11)*($E11>=N$5))+($D11>=$E11)*(IF(AND(N$5<=$D11,N$5<=$E11),M11+$AG11,0)) -> 238.3364 | O11: =($D11<$E11)*(O$5*(O$5<=$D11)*($E11>=O$5))+($D11>=$E11)*(IF(AND(O$5<=$D11,O$5<=$E11),N11+$AG11,0)) -> 270.8989 | ... AE11: =($D11<$E11)*(AE$5*(AE$5<=$D11)*($E11>=AE$5))+($D11>=$E11)*(IF(AND(AE$5<=$D11,AE$5<=$E11),AD11+$AG11,0)) -> 0 | AG11: =+D11/E11 -> 32.5625 | AH11: =AH$4*(AG11-1)+1 -> 10.398899
A12: 1 | B12: 006 | C12: 1 | D12: 228 | E12: 16 | G12: =(D12<E12)*(G$5*(E12>=G$5))+(D12>=E12)*(AH12+(C12-1)*D11) -> 4.9456764 | H12: =($D12<$E12)*(H$5*(H$5<=$D12)*($E12>=H$5))+($D12>=$E12)*(IF(AND(H$5<=$D12,H$5<=$E12),G12+$AG12,0)) -> 19.195676 | I12: =($D12<$E12)*(I$5*(I$5<=$D12)*($E12>=I$5))+($D12>=$E12)*(IF(AND(I$5<=$D12,I$5<=$E12),H12+$AG12,0)) -> 33.445676 | J12: =($D12<$E12)*(J$5*(J$5<=$D12)*($E12>=J$5))+($D12>=$E12)*(IF(AND(J$5<=$D12,J$5<=$E12),I12+$AG12,0)) -> 47.695676 | K12: =($D12<$E12)*(K$5*(K$5<=$D12)*($E12>=K$5))+($D12>=$E12)*(IF(AND(K$5<=$D12,K$5<=$E12),J12+$AG12,0)) -> 61.945676 | L12: =($D12<$E12)*(L$5*(L$5<=$D12)*($E12>=L$5))+($D12>=$E12)*(IF(AND(L$5<=$D12,L$5<=$E12),K12+$AG12,0)) -> 76.195676 | M12: =($D12<$E12)*(M$5*(M$5<=$D12)*($E12>=M$5))+($D12>=$E12)*(IF(AND(M$5<=$D12,M$5<=$E12),L12+$AG12,0)) -> 90.445676 | N12: =($D12<$E12)*(N$5*(N$5<=$D12)*($E12>=N$5))+($D12>=$E12)*(IF(AND(N$5<=$D12,N$5<=$E12),M12+$AG12,0)) -> 104.69568 | O12: =($D12<$E12)*(O$5*(O$5<=$D12)*($E12>=O$5))+($D12>=$E12)*(IF(AND(O$5<=$D12,O$5<=$E12),N12+$AG12,0)) -> 118.94568 | ... AE12: =($D12<$E12)*(AE$5*(AE$5<=$D12)*($E12>=AE$5))+($D12>=$E12)*(IF(AND(AE$5<=$D12,AE$5<=$E12),AD12+$AG12,0)) -> 0 | AG12: =+D12/E12 -> 14.25 | AH12: =AH$4*(AG12-1)+1 -> 4.9456764
A13: 1 | B13: 007 | C13: 1 | D13: 261 | E13: 16 | G13: =(D13<E13)*(G$5*(E13>=G$5))+(D13>=E13)*(AH13+(C13-1)*D12) -> 5.5598618 | H13: =($D13<$E13)*(H$5*(H$5<=$D13)*($E13>=H$5))+($D13>=$E13)*(IF(AND(H$5<=$D13,H$5<=$E13),G13+$AG13,0)) -> 21.872362 | I13: =($D13<$E13)*(I$5*(I$5<=$D13)*($E13>=I$5))+($D13>=$E13)*(IF(AND(I$5<=$D13,I$5<=$E13),H13+$AG13,0)) -> 38.184862 | J13: =($D13<$E13)*(J$5*(J$5<=$D13)*($E13>=J$5))+($D13>=$E13)*(IF(AND(J$5<=$D13,J$5<=$E13),I13+$AG13,0)) -> 54.497362 | K13: =($D13<$E13)*(K$5*(K$5<=$D13)*($E13>=K$5))+($D13>=$E13)*(IF(AND(K$5<=$D13,K$5<=$E13),J13+$AG13,0)) -> 70.809862 | L13: =($D13<$E13)*(L$5*(L$5<=$D13)*($E13>=L$5))+($D13>=$E13)*(IF(AND(L$5<=$D13,L$5<=$E13),K13+$AG13,0)) -> 87.122362 | M13: =($D13<$E13)*(M$5*(M$5<=$D13)*($E13>=M$5))+($D13>=$E13)*(IF(AND(M$5<=$D13,M$5<=$E13),L13+$AG13,0)) -> 103.43486 | N13: =($D13<$E13)*(N$5*(N$5<=$D13)*($E13>=N$5))+($D13>=$E13)*(IF(AND(N$5<=$D13,N$5<=$E13),M13+$AG13,0)) -> 119.74736 | O13: =($D13<$E13)*(O$5*(O$5<=$D13)*($E13>=O$5))+($D13>=$E13)*(IF(AND(O$5<=$D13,O$5<=$E13),N13+$AG13,0)) -> 136.05986 | ... AE13: =($D13<$E13)*(AE$5*(AE$5<=$D13)*($E13>=AE$5))+($D13>=$E13)*(IF(AND(AE$5<=$D13,AE$5<=$E13),AD13+$AG13,0)) -> 0 | AG13: =+D13/E13 -> 16.3125 | AH13: =AH$4*(AG13-1)+1 -> 5.5598618
A14: 1 | B14: 007 | C14: 2 | D14: 260 | E14: 16 | G14: =(D14<E14)*(G$5*(E14>=G$5))+(D14>=E14)*(AH14+(C14-1)*D13) -> 266.54125 | H14: =($D14<$E14)*(H$5*(H$5<=$D14)*($E14>=H$5))+($D14>=$E14)*(IF(AND(H$5<=$D14,H$5<=$E14),G14+$AG14,0)) -> 282.79125 | I14: =($D14<$E14)*(I$5*(I$5<=$D14)*($E14>=I$5))+($D14>=$E14)*(IF(AND(I$5<=$D14,I$5<=$E14),H14+$AG14,0)) -> 299.04125 | J14: =($D14<$E14)*(J$5*(J$5<=$D14)*($E14>=J$5))+($D14>=$E14)*(IF(AND(J$5<=$D14,J$5<=$E14),I14+$AG14,0)) -> 315.29125 | K14: =($D14<$E14)*(K$5*(K$5<=$D14)*($E14>=K$5))+($D14>=$E14)*(IF(AND(K$5<=$D14,K$5<=$E14),J14+$AG14,0)) -> 331.54125 | L14: =($D14<$E14)*(L$5*(L$5<=$D14)*($E14>=L$5))+($D14>=$E14)*(IF(AND(L$5<=$D14,L$5<=$E14),K14+$AG14,0)) -> 347.79125 | M14: =($D14<$E14)*(M$5*(M$5<=$D14)*($E14>=M$5))+($D14>=$E14)*(IF(AND(M$5<=$D14,M$5<=$E14),L14+$AG14,0)) -> 364.04125 | N14: =($D14<$E14)*(N$5*(N$5<=$D14)*($E14>=N$5))+($D14>=$E14)*(IF(AND(N$5<=$D14,N$5<=$E14),M14+$AG14,0)) -> 380.29125 | O14: =($D14<$E14)*(O$5*(O$5<=$D14)*($E14>=O$5))+($D14>=$E14)*(IF(AND(O$5<=$D14,O$5<=$E14),N14+$AG14,0)) -> 396.54125 | ... AE14: =($D14<$E14)*(AE$5*(AE$5<=$D14)*($E14>=AE$5))+($D14>=$E14)*(IF(AND(AE$5<=$D14,AE$5<=$E14),AD14+$AG14,0)) -> 0 | AG14: =+D14/E14 -> 16.25 | AH14: =AH$4*(AG14-1)+1 -> 5.5412502
A15: 1 | B15: 008 | C15: 1 | D15: 162 | E15: 16 | G15: =(D15<E15)*(G$5*(E15>=G$5))+(D15>=E15)*(AH15+(C15-1)*D14) -> 3.7173054 | H15: =($D15<$E15)*(H$5*(H$5<=$D15)*($E15>=H$5))+($D15>=$E15)*(IF(AND(H$5<=$D15,H$5<=$E15),G15+$AG15,0)) -> 13.842305 | I15: =($D15<$E15)*(I$5*(I$5<=$D15)*($E15>=I$5))+($D15>=$E15)*(IF(AND(I$5<=$D15,I$5<=$E15),H15+$AG15,0)) -> 23.967305 | J15: =($D15<$E15)*(J$5*(J$5<=$D15)*($E15>=J$5))+($D15>=$E15)*(IF(AND(J$5<=$D15,J$5<=$E15),I15+$AG15,0)) -> 34.092305 | K15: =($D15<$E15)*(K$5*(K$5<=$D15)*($E15>=K$5))+($D15>=$E15)*(IF(AND(K$5<=$D15,K$5<=$E15),J15+$AG15,0)) -> 44.217305 | L15: =($D15<$E15)*(L$5*(L$5<=$D15)*($E15>=L$5))+($D15>=$E15)*(IF(AND(L$5<=$D15,L$5<=$E15),K15+$AG15,0)) -> 54.342305 | M15: =($D15<$E15)*(M$5*(M$5<=$D15)*($E15>=M$5))+($D15>=$E15)*(IF(AND(M$5<=$D15,M$5<=$E15),L15+$AG15,0)) -> 64.467305 | N15: =($D15<$E15)*(N$5*(N$5<=$D15)*($E15>=N$5))+($D15>=$E15)*(IF(AND(N$5<=$D15,N$5<=$E15),M15+$AG15,0)) -> 74.592305 | O15: =($D15<$E15)*(O$5*(O$5<=$D15)*($E15>=O$5))+($D15>=$E15)*(IF(AND(O$5<=$D15,O$5<=$E15),N15+$AG15,0)) -> 84.717305 | ... AE15: =($D15<$E15)*(AE$5*(AE$5<=$D15)*($E15>=AE$5))+($D15>=$E15)*(IF(AND(AE$5<=$D15,AE$5<=$E15),AD15+$AG15,0)) -> 0 | AG15: =+D15/E15 -> 10.125 | AH15: =AH$4*(AG15-1)+1 -> 3.7173054
A16: 1 | B16: 009 | C16: 1 | D16: 306 | E16: 16 | G16: =(D16<E16)*(G$5*(E16>=G$5))+(D16>=E16)*(AH16+(C16-1)*D15) -> 6.3973875 | H16: =($D16<$E16)*(H$5*(H$5<=$D16)*($E16>=H$5))+($D16>=$E16)*(IF(AND(H$5<=$D16,H$5<=$E16),G16+$AG16,0)) -> 25.522387 | I16: =($D16<$E16)*(I$5*(I$5<=$D16)*($E16>=I$5))+($D16>=$E16)*(IF(AND(I$5<=$D16,I$5<=$E16),H16+$AG16,0)) -> 44.647387 | J16: =($D16<$E16)*(J$5*(J$5<=$D16)*($E16>=J$5))+($D16>=$E16)*(IF(AND(J$5<=$D16,J$5<=$E16),I16+$AG16,0)) -> 63.772387 | K16: =($D16<$E16)*(K$5*(K$5<=$D16)*($E16>=K$5))+($D16>=$E16)*(IF(AND(K$5<=$D16,K$5<=$E16),J16+$AG16,0)) -> 82.897387 | L16: =($D16<$E16)*(L$5*(L$5<=$D16)*($E16>=L$5))+($D16>=$E16)*(IF(AND(L$5<=$D16,L$5<=$E16),K16+$AG16,0)) -> 102.02239 | M16: =($D16<$E16)*(M$5*(M$5<=$D16)*($E16>=M$5))+($D16>=$E16)*(IF(AND(M$5<=$D16,M$5<=$E16),L16+$AG16,0)) -> 121.14739 | N16: =($D16<$E16)*(N$5*(N$5<=$D16)*($E16>=N$5))+($D16>=$E16)*(IF(AND(N$5<=$D16,N$5<=$E16),M16+$AG16,0)) -> 140.27239 | O16: =($D16<$E16)*(O$5*(O$5<=$D16)*($E16>=O$5))+($D16>=$E16)*(IF(AND(O$5<=$D16,O$5<=$E16),N16+$AG16,0)) -> 159.39739 | ... AE16: =($D16<$E16)*(AE$5*(AE$5<=$D16)*($E16>=AE$5))+($D16>=$E16)*(IF(AND(AE$5<=$D16,AE$5<=$E16),AD16+$AG16,0)) -> 0 | AG16: =+D16/E16 -> 19.125 | AH16: =AH$4*(AG16-1)+1 -> 6.3973875
A17: 1 | B17: 010 | C17: 1 | D17: 191 | E17: 16 | G17: =(D17<E17)*(G$5*(E17>=G$5))+(D17>=E17)*(AH17+(C17-1)*D16) -> 4.2570442 | H17: =($D17<$E17)*(H$5*(H$5<=$D17)*($E17>=H$5))+($D17>=$E17)*(IF(AND(H$5<=$D17,H$5<=$E17),G17+$AG17,0)) -> 16.194544 | I17: =($D17<$E17)*(I$5*(I$5<=$D17)*($E17>=I$5))+($D17>=$E17)*(IF(AND(I$5<=$D17,I$5<=$E17),H17+$AG17,0)) -> 28.132044 | J17: =($D17<$E17)*(J$5*(J$5<=$D17)*($E17>=J$5))+($D17>=$E17)*(IF(AND(J$5<=$D17,J$5<=$E17),I17+$AG17,0)) -> 40.069544 | K17: =($D17<$E17)*(K$5*(K$5<=$D17)*($E17>=K$5))+($D17>=$E17)*(IF(AND(K$5<=$D17,K$5<=$E17),J17+$AG17,0)) -> 52.007044 | L17: =($D17<$E17)*(L$5*(L$5<=$D17)*($E17>=L$5))+($D17>=$E17)*(IF(AND(L$5<=$D17,L$5<=$E17),K17+$AG17,0)) -> 63.944544 | M17: =($D17<$E17)*(M$5*(M$5<=$D17)*($E17>=M$5))+($D17>=$E17)*(IF(AND(M$5<=$D17,M$5<=$E17),L17+$AG17,0)) -> 75.882044 | N17: =($D17<$E17)*(N$5*(N$5<=$D17)*($E17>=N$5))+($D17>=$E17)*(IF(AND(N$5<=$D17,N$5<=$E17),M17+$AG17,0)) -> 87.819544 | O17: =($D17<$E17)*(O$5*(O$5<=$D17)*($E17>=O$5))+($D17>=$E17)*(IF(AND(O$5<=$D17,O$5<=$E17),N17+$AG17,0)) -> 99.757044 | ... AE17: =($D17<$E17)*(AE$5*(AE$5<=$D17)*($E17>=AE$5))+($D17>=$E17)*(IF(AND(AE$5<=$D17,AE$5<=$E17),AD17+$AG17,0)) -> 0 | AG17: =+D17/E17 -> 11.9375 | AH17: =AH$4*(AG17-1)+1 -> 4.2570442
A18: 1 | B18: 011 | C18: 1 | D18: 139 | E18: 16 | G18: =(D18<E18)*(G$5*(E18>=G$5))+(D18>=E18)*(AH18+(C18-1)*D17) -> 3.2892368 | H18: =($D18<$E18)*(H$5*(H$5<=$D18)*($E18>=H$5))+($D18>=$E18)*(IF(AND(H$5<=$D18,H$5<=$E18),G18+$AG18,0)) -> 11.976737 | I18: =($D18<$E18)*(I$5*(I$5<=$D18)*($E18>=I$5))+($D18>=$E18)*(IF(AND(I$5<=$D18,I$5<=$E18),H18+$AG18,0)) -> 20.664237 | J18: =($D18<$E18)*(J$5*(J$5<=$D18)*($E18>=J$5))+($D18>=$E18)*(IF(AND(J$5<=$D18,J$5<=$E18),I18+$AG18,0)) -> 29.351737 | K18: =($D18<$E18)*(K$5*(K$5<=$D18)*($E18>=K$5))+($D18>=$E18)*(IF(AND(K$5<=$D18,K$5<=$E18),J18+$AG18,0)) -> 38.039237 | L18: =($D18<$E18)*(L$5*(L$5<=$D18)*($E18>=L$5))+($D18>=$E18)*(IF(AND(L$5<=$D18,L$5<=$E18),K18+$AG18,0)) -> 46.726737 | M18: =($D18<$E18)*(M$5*(M$5<=$D18)*($E18>=M$5))+($D18>=$E18)*(IF(AND(M$5<=$D18,M$5<=$E18),L18+$AG18,0)) -> 55.414237 | N18: =($D18<$E18)*(N$5*(N$5<=$D18)*($E18>=N$5))+($D18>=$E18)*(IF(AND(N$5<=$D18,N$5<=$E18),M18+$AG18,0)) -> 64.101737 | O18: =($D18<$E18)*(O$5*(O$5<=$D18)*($E18>=O$5))+($D18>=$E18)*(IF(AND(O$5<=$D18,O$5<=$E18),N18+$AG18,0)) -> 72.789237 | ... AE18: =($D18<$E18)*(AE$5*(AE$5<=$D18)*($E18>=AE$5))+($D18>=$E18)*(IF(AND(AE$5<=$D18,AE$5<=$E18),AD18+$AG18,0)) -> 0 | AG18: =+D18/E18 -> 8.6875 | AH18: =AH$4*(AG18-1)+1 -> 3.2892368
A19: 1 | B19: 012 | C19: 1 | D19: 69 | E19: 16 | G19: =(D19<E19)*(G$5*(E19>=G$5))+(D19>=E19)*(AH19+(C19-1)*D18) -> 1.9864191 | H19: =($D19<$E19)*(H$5*(H$5<=$D19)*($E19>=H$5))+($D19>=$E19)*(IF(AND(H$5<=$D19,H$5<=$E19),G19+$AG19,0)) -> 6.2989191 | I19: =($D19<$E19)*(I$5*(I$5<=$D19)*($E19>=I$5))+($D19>=$E19)*(IF(AND(I$5<=$D19,I$5<=$E19),H19+$AG19,0)) -> 10.611419 | J19: =($D19<$E19)*(J$5*(J$5<=$D19)*($E19>=J$5))+($D19>=$E19)*(IF(AND(J$5<=$D19,J$5<=$E19),I19+$AG19,0)) -> 14.923919 | K19: =($D19<$E19)*(K$5*(K$5<=$D19)*($E19>=K$5))+($D19>=$E19)*(IF(AND(K$5<=$D19,K$5<=$E19),J19+$AG19,0)) -> 19.236419 | L19: =($D19<$E19)*(L$5*(L$5<=$D19)*($E19>=L$5))+($D19>=$E19)*(IF(AND(L$5<=$D19,L$5<=$E19),K19+$AG19,0)) -> 23.548919 | M19: =($D19<$E19)*(M$5*(M$5<=$D19)*($E19>=M$5))+($D19>=$E19)*(IF(AND(M$5<=$D19,M$5<=$E19),L19+$AG19,0)) -> 27.861419 | N19: =($D19<$E19)*(N$5*(N$5<=$D19)*($E19>=N$5))+($D19>=$E19)*(IF(AND(N$5<=$D19,N$5<=$E19),M19+$AG19,0)) -> 32.173919 | O19: =($D19<$E19)*(O$5*(O$5<=$D19)*($E19>=O$5))+($D19>=$E19)*(IF(AND(O$5<=$D19,O$5<=$E19),N19+$AG19,0)) -> 36.486419 | ... AE19: =($D19<$E19)*(AE$5*(AE$5<=$D19)*($E19>=AE$5))+($D19>=$E19)*(IF(AND(AE$5<=$D19,AE$5<=$E19),AD19+$AG19,0)) -> 0 | AG19: =+D19/E19 -> 4.3125 | AH19: =AH$4*(AG19-1)+1 -> 1.9864191
... A106: 2 | B106: 099 | C106: 1 | D106: 60 | E106: 16 | G106: =(D106<E106)*(G$5*(E106>=G$5))+(D106>=E106)*(AH106+(C106-1)*D105) -> 1.818914 | H106: =($D106<$E106)*(H$5*(H$5<=$D106)*($E106>=H$5))+($D106>=$E106)*(IF(AND(H$5<=$D106,H$5<=$E106),G106+$AG106,0)) -> 5.568914 | I106: =($D106<$E106)*(I$5*(I$5<=$D106)*($E106>=I$5))+($D106>=$E106)*(IF(AND(I$5<=$D106,I$5<=$E106),H106+$AG106,0)) -> 9.318914 | J106: =($D106<$E106)*(J$5*(J$5<=$D106)*($E106>=J$5))+($D106>=$E106)*(IF(AND(J$5<=$D106,J$5<=$E106),I106+$AG106,0)) -> 13.068914 | K106: =($D106<$E106)*(K$5*(K$5<=$D106)*($E106>=K$5))+($D106>=$E106)*(IF(AND(K$5<=$D106,K$5<=$E106),J106+$AG106,0)) -> 16.818914 | L106: =($D106<$E106)*(L$5*(L$5<=$D106)*($E106>=L$5))+($D106>=$E106)*(IF(AND(L$5<=$D106,L$5<=$E106),K106+$AG106,0)) -> 20.568914 | M106: =($D106<$E106)*(M$5*(M$5<=$D106)*($E106>=M$5))+($D106>=$E106)*(IF(AND(M$5<=$D106,M$5<=$E106),L106+$AG106,0)) -> 24.318914 | N106: =($D106<$E106)*(N$5*(N$5<=$D106)*($E106>=N$5))+($D106>=$E106)*(IF(AND(N$5<=$D106,N$5<=$E106),M106+$AG106,0)) -> 28.068914 | O106: =($D106<$E106)*(O$5*(O$5<=$D106)*($E106>=O$5))+($D106>=$E106)*(IF(AND(O$5<=$D106,O$5<=$E106),N106+$AG106,0)) -> 31.818914 | ... AE106: =($D106<$E106)*(AE$5*(AE$5<=$D106)*($E106>=AE$5))+($D106>=$E106)*(IF(AND(AE$5<=$D106,AE$5<=$E106),AD106+$AG106,0)) -> 0 | AG106: =+D106/E106 -> 3.75 | AH106: =AH$4*(AG106-1)+1 -> 1.818914

Sheet Sampling Weights
A1: CALCULATION OF SAMPLING WEIGHTS ADJUSTED FOR NON-RESPONSE AND CALIBRATED TO KNOWN POPULATION AGGREGATES
H2: =+SUM(I2:N2) -> 2919565 | I2: =+SUMPRODUCT(I8:I216,$R8:$R216) -> 689430 | J2: =+SUMPRODUCT(J8:J216,$R8:$R216) -> 433726 | K2: =+SUMPRODUCT(K8:K216,$R8:$R216) -> 359844 | L2: =+SUMPRODUCT(L8:L216,$R8:$R216) -> 656479 | M2: =+SUMPRODUCT(M8:M216,$R8:$R216) -> 397081 | N2: =+SUMPRODUCT(N8:N216,$R8:$R216) -> 383005
A3: INPUT VALUES | I3: Known aggregates of auxiliary variables | P3: OUTPUT VALUES | T3: INTERMEDIATE CALCULATIONS | Y3: INTERMEDIARY CALCULATIONS | AF3: INTERMEDIARY CALCULATIONS
I4: 689430 | J4: 433726 | K4: 359844 | L4: 656479 | M4: 397081 | N4: 383005
A5: Identifiers | C5: First stage sampling | F5: Second stage sampling | H5: Response | I5: Auxiliary variables for calibration | P5: Weights | T5: Probabilities | Y5: weighted auxiliary variables | AF5: Matrix of cross-classfied weighted auxiliary variables | AM5: Difference between known and estimated aggregates | AN5: Calibration factor
A6: PSU code | B6: Stratum code | C6: Number of sample PSUs in stratumn (Frame) | D6: Total number of hslds in stratum (Frame) | E6: Number of hslds in PSU (Frame) | F6: Number of hslds in PSU (Listing) | G6: Number of sample hslds in PSU | H6: Number of sample hslds response | I6: Boys 5-11 yrs | J6: Boys 12-14 yrs | K6: Boys 15-17 yrs | L6: Girls 5-11 yrs | M6: Girls 12-14 yrs | N6: Girls 15-17 yrs | P6: Design weight | Q6: Weight adjusted for non-response | R6: Final calibrated weight | T6: Probability of selection of sample PSU | U6: Probability of selection of sample hsld in PSU | V6: Overall probability of selection of sample hsld | W6: Overall response rate | Y6: sqrt(weightk adjusted for non-response)Xk | AF6: T = ∑k wkXkX’k
A7: (1) | B7: (2) | C7: (3) | D7: (4) | E7: (5) | F7: (6) | G7: (7) | H7: (8) | I7: (9) | J7: (10) | K7: (11) | L7: (12) | M7: (13) | N7: (14) | P7: (15) | Q7: (16) | R7: (17) | S7: (919) | T7: (18) | U7: (19) | V7: (20) | W7: (21) | Y7: (22) | Z7: (23) | AA7: (24) | AB7: (25) | AC7: (26) | AD7: (27) | AF7: (28) | AG7: (29) | AH7: (30) | AI7: (31) | AJ7: (32) | AK7: (33) | AM7: (34) | AN7: (35)
A8: 1111 | B8: 111 | C8: 7 | D8: 52069 | E8: 137 | F8: 180 | G8: 16 | H8: 15 | I8: 3 | J8: 1 | K8: 1 | L8: 3 | M8: 2 | N8: 1 | P8: =1/V8 -> 610.81986 | Q8: =+IF(W8=0,0,P8/W8) -> 651.54119 | R8: =+Q8*(1+SUMPRODUCT(I8:N8,AF$22:AK$22)) -> 660.26105 | T8: =+C8*E8/D8 -> 0.018417869 | U8: =+G8/F8 -> 0.088888889 | V8: =+T8*U8 -> 0.0016371439 | W8: =+IF(G8=0,0,H8/G8) -> 0.9375 | Y8: =+SQRT($Q8)*I8 -> 76.575915 | Z8: =+SQRT($Q8)*J8 -> 25.525305 | AA8: =+SQRT($Q8)*K8 -> 25.525305 | AB8: =+SQRT($Q8)*L8 -> 76.575915 | AC8: =+SQRT($Q8)*M8 -> 51.05061 | AD8: =+SQRT($Q8)*N8 -> 25.525305 | AF8: {=+MMULT(TRANSPOSE(Y8:AD216),Y8:AD216)} -> 2289380.8 | AG8: 1406019.5 | AH8: 1061459 | AI8: 2079121.4 | AJ8: 1309416.2 | AK8: 1204870.2
A9: 1112 | B9: 111 | C9: 7 | D9: 52069 | E9: 173 | F9: 271 | G9: 16 | H9: 14 | I9: 2 | J9: 2 | K9: 2 | L9: 4 | M9: 2 | N9: 1 | P9: =1/V9 -> 728.25655 | Q9: =+IF(W9=0,0,P9/W9) -> 832.29321 | R9: =+Q9*(1+SUMPRODUCT(I9:N9,AF$22:AK$22)) -> 1054.1654 | T9: =+C9*E9/D9 -> 0.0232576 | U9: =+G9/F9 -> 0.05904059 | V9: =+T9*U9 -> 0.0013731425 | W9: =+IF(G9=0,0,H9/G9) -> 0.875 | Y9: =+SQRT($Q9)*I9 -> 57.698985 | Z9: =+SQRT($Q9)*J9 -> 57.698985 | AA9: =+SQRT($Q9)*K9 -> 57.698985 | AB9: =+SQRT($Q9)*L9 -> 115.39797 | AC9: =+SQRT($Q9)*M9 -> 57.698985 | AD9: =+SQRT($Q9)*N9 -> 28.849492 | AF9: 1406019.5 | AG9: 1001246.7 | AH9: 719949.74 | AI9: 1351062.6 | AJ9: 849162.4 | AK9: 809523.04
A10: 1113 | B10: 111 | C10: 7 | D10: 52069 | E10: 147 | F10: 179 | G10: 16 | H10: 15 | I10: 5 | J10: 3 | K10: 1 | L10: 4 | M10: 2 | N10: 2 | P10: =1/V10 -> 566.1049 | Q10: =+IF(W10=0,0,P10/W10) -> 603.84522 | R10: =+Q10*(1+SUMPRODUCT(I10:N10,AF$22:AK$22)) -> 780.67792 | T10: =+C10*E10/D10 -> 0.019762239 | U10: =+G10/F10 -> 0.089385475 | V10: =+T10*U10 -> 0.0017664571 | W10: =+IF(G10=0,0,H10/G10) -> 0.9375 | Y10: =+SQRT($Q10)*I10 -> 122.86631 | Z10: =+SQRT($Q10)*J10 -> 73.719787 | AA10: =+SQRT($Q10)*K10 -> 24.573262 | AB10: =+SQRT($Q10)*L10 -> 98.293049 | AC10: =+SQRT($Q10)*M10 -> 49.146525 | AD10: =+SQRT($Q10)*N10 -> 49.146525 | AF10: 1061459 | AG10: 719949.74 | AH10: 692063.48 | AI10: 1016354.5 | AJ10: 686164.28 | AK10: 672696.11
A11: 1114 | B11: 111 | C11: 7 | D11: 52069 | E11: 124 | F11: 144 | G11: 16 | H11: 16 | I11: 2 | J11: 2 | K11: 1 | L11: 3 | M11: 1 | N11: 1 | P11: =1/V11 -> 539.88594 | Q11: =+IF(W11=0,0,P11/W11) -> 539.88594 | R11: =+Q11*(1+SUMPRODUCT(I11:N11,AF$22:AK$22)) -> 754.15891 | T11: =+C11*E11/D11 -> 0.016670188 | U11: =+G11/F11 -> 0.11111111 | V11: =+T11*U11 -> 0.0018522431 | W11: =+IF(G11=0,0,H11/G11) -> 1 | Y11: =+SQRT($Q11)*I11 -> 46.470892 | Z11: =+SQRT($Q11)*J11 -> 46.470892 | AA11: =+SQRT($Q11)*K11 -> 23.235446 | AB11: =+SQRT($Q11)*L11 -> 69.706338 | AC11: =+SQRT($Q11)*M11 -> 23.235446 | AD11: =+SQRT($Q11)*N11 -> 23.235446 | AF11: 2079121.4 | AG11: 1351062.6 | AH11: 1016354.5 | AI11: 2031190.8 | AJ11: 1235256.3 | AK11: 1151950.7
A12: 1115 | B12: 111 | C12: 7 | D12: 52069 | E12: 140 | F12: 143 | G12: 16 | H12: 14 | I12: 4 | J12: 1 | K12: 2 | L12: 3 | M12: 2 | N12: 2 | P12: =1/V12 -> 474.86397 | Q12: =+IF(W12=0,0,P12/W12) -> 542.70168 | R12: =+Q12*(1+SUMPRODUCT(I12:N12,AF$22:AK$22)) -> 749.38805 | T12: =+C12*E12/D12 -> 0.01882118 | U12: =+G12/F12 -> 0.11188811 | V12: =+T12*U12 -> 0.0021058662 | W12: =+IF(G12=0,0,H12/G12) -> 0.875 | Y12: =+SQRT($Q12)*I12 -> 93.183833 | Z12: =+SQRT($Q12)*J12 -> 23.295958 | AA12: =+SQRT($Q12)*K12 -> 46.591917 | AB12: =+SQRT($Q12)*L12 -> 69.887875 | AC12: =+SQRT($Q12)*M12 -> 46.591917 | AD12: =+SQRT($Q12)*N12 -> 46.591917 | AF12: 1309416.2 | AG12: 849162.4 | AH12: 686164.28 | AI12: 1235256.3 | AJ12: 811457.76 | AK12: 739860.99
A13: 1116 | B13: 111 | C13: 7 | D13: 52069 | E13: 157 | F13: 192 | G13: 16 | H13: 14 | I13: 4 | J13: 2 | K13: 2 | L13: 3 | M13: 2 | N13: 2 | P13: =1/V13 -> 568.54231 | Q13: =+IF(W13=0,0,P13/W13) -> 649.76264 | R13: =+Q13*(1+SUMPRODUCT(I13:N13,AF$22:AK$22)) -> 825.69081 | T13: =+C13*E13/D13 -> 0.021106609 | U13: =+G13/F13 -> 0.083333333 | V13: =+T13*U13 -> 0.001758884 | W13: =+IF(G13=0,0,H13/G13) -> 0.875 | Y13: =+SQRT($Q13)*I13 -> 101.96177 | Z13: =+SQRT($Q13)*J13 -> 50.980884 | AA13: =+SQRT($Q13)*K13 -> 50.980884 | AB13: =+SQRT($Q13)*L13 -> 76.471326 | AC13: =+SQRT($Q13)*M13 -> 50.980884 | AD13: =+SQRT($Q13)*N13 -> 50.980884 | AF13: 1204870.2 | AG13: 809523.04 | AH13: 672696.11 | AI13: 1151950.7 | AJ13: 739860.99 | AK13: 747757.08
A14: 1117 | B14: 111 | C14: 7 | D14: 52069 | E14: 163 | F14: 204 | G14: 16 | H14: 14 | I14: 4 | J14: 2 | K14: 1 | L14: 3 | M14: 2 | N14: 2 | P14: =1/V14 -> 581.84027 | Q14: =+IF(W14=0,0,P14/W14) -> 664.96031 | R14: =+Q14*(1+SUMPRODUCT(I14:N14,AF$22:AK$22)) -> 588.52675 | T14: =+C14*E14/D14 -> 0.021913231 | U14: =+G14/F14 -> 0.078431373 | V14: =+T14*U14 -> 0.0017186847 | W14: =+IF(G14=0,0,H14/G14) -> 0.875 | Y14: =+SQRT($Q14)*I14 -> 103.1473 | Z14: =+SQRT($Q14)*J14 -> 51.573649 | AA14: =+SQRT($Q14)*K14 -> 25.786824 | AB14: =+SQRT($Q14)*L14 -> 77.360473 | AC14: =+SQRT($Q14)*M14 -> 51.573649 | AD14: =+SQRT($Q14)*N14 -> 51.573649 | AF14: T-1 | AM14: tx-tw | AN14: λ
A15: 2111 | B15: 211 | C15: 9 | D15: 253183 | E15: 126 | F15: 152 | G15: 16 | H15: 16 | I15: 2 | J15: 1 | K15: 2 | L15: 2 | M15: 2 | N15: 2 | P15: =1/V15 -> 2121.0216 | Q15: =+IF(W15=0,0,P15/W15) -> 2121.0216 | R15: =+Q15*(1+SUMPRODUCT(I15:N15,AF$22:AK$22)) -> 1257.3862 | T15: =+C15*E15/D15 -> 0.0044789737 | U15: =+G15/F15 -> 0.10526316 | V15: =+T15*U15 -> 0.00047147092 | W15: =+IF(G15=0,0,H15/G15) -> 1 | Y15: =+SQRT($Q15)*I15 -> 92.109101 | Z15: =+SQRT($Q15)*J15 -> 46.05455 | AA15: =+SQRT($Q15)*K15 -> 92.109101 | AB15: =+SQRT($Q15)*L15 -> 92.109101 | AC15: =+SQRT($Q15)*M15 -> 92.109101 | AD15: =+SQRT($Q15)*N15 -> 92.109101 | AF15: {=+MINVERSE(AF8:AK13)} -> 8.58008e-06 | AG15: -1.429776e-07 | AH15: 3.4200903e-06 | AI15: -3.8366582e-06 | AJ15: -8.8573706e-06 | AK15: -2.0728081e-06 | AM15: =I4-SUMPRODUCT($Q8:$Q302,I8:I302) -> 40631.946 | AN15: {=+MMULT(AF15:AK20,AM15:AM20)} -> 0.27014759
A16: 2112 | B16: 211 | C16: 9 | D16: 253183 | E16: 121 | F16: 132 | G16: 16 | H16: 15 | I16: 4 | J16: 2 | K16: 1 | L16: 3 | M16: 2 | N16: 1 | P16: =1/V16 -> 1918.053 | Q16: =+IF(W16=0,0,P16/W16) -> 2045.9232 | R16: =+Q16*(1+SUMPRODUCT(I16:N16,AF$22:AK$22)) -> 2400.7712 | T16: =+C16*E16/D16 -> 0.0043012367 | U16: =+G16/F16 -> 0.12121212 | V16: =+T16*U16 -> 0.00052136202 | W16: =+IF(G16=0,0,H16/G16) -> 0.9375 | Y16: =+SQRT($Q16)*I16 -> 180.92753 | Z16: =+SQRT($Q16)*J16 -> 90.463766 | AA16: =+SQRT($Q16)*K16 -> 45.231883 | AB16: =+SQRT($Q16)*L16 -> 135.69565 | AC16: =+SQRT($Q16)*M16 -> 90.463766 | AD16: =+SQRT($Q16)*N16 -> 45.231883 | AF16: -1.429776e-07 | AG16: 1.2488667e-05 | AH16: 1.1064614e-06 | AI16: -3.6225484e-06 | AJ16: -3.2987306e-06 | AK16: -5.4406809e-06 | AM16: =+J4-SUMPRODUCT($Q8:$Q302,J8:J302) -> -1.7295259 | AN16: -0.11008954
A17: 2113 | B17: 211 | C17: 9 | D17: 253183 | E17: 131 | F17: 159 | G17: 16 | H17: 16 | I17: 3 | J17: 1 | K17: 3 | L17: 2 | M17: 2 | N17: 2 | P17: =1/V17 -> 2134.017 | Q17: =+IF(W17=0,0,P17/W17) -> 2134.017 | R17: =+Q17*(1+SUMPRODUCT(I17:N17,AF$22:AK$22)) -> 2664.6847 | T17: =+C17*E17/D17 -> 0.0046567108 | U17: =+G17/F17 -> 0.10062893 | V17: =+T17*U17 -> 0.00046859982 | W17: =+IF(G17=0,0,H17/G17) -> 1 | Y17: =+SQRT($Q17)*I17 -> 138.58627 | Z17: =+SQRT($Q17)*J17 -> 46.195422 | AA17: =+SQRT($Q17)*K17 -> 138.58627 | AB17: =+SQRT($Q17)*L17 -> 92.390844 | AC17: =+SQRT($Q17)*M17 -> 92.390844 | AD17: =+SQRT($Q17)*N17 -> 92.390844 | AF17: 3.4200903e-06 | AG17: 1.1064614e-06 | AH17: 1.6291803e-05 | AI17: 2.7988192e-06 | AJ17: -1.3307485e-05 | AK17: -1.2509833e-05 | AM17: =+K4-SUMPRODUCT($Q8:$Q302,K8:K302) -> 8157.6595 | AN17: 0.38570213
A18: 2114 | B18: 211 | C18: 9 | D18: 253183 | E18: 121 | F18: 123 | G18: 16 | H18: 16 | I18: 5 | J18: 3 | K18: 1 | L18: 4 | M18: 2 | N18: 2 | P18: =1/V18 -> 1787.2767 | Q18: =+IF(W18=0,0,P18/W18) -> 1787.2767 | R18: =+Q18*(1+SUMPRODUCT(I18:N18,AF$22:AK$22)) -> 2310.6707 | T18: =+C18*E18/D18 -> 0.0043012367 | U18: =+G18/F18 -> 0.1300813 | V18: =+T18*U18 -> 0.00055951046 | W18: =+IF(G18=0,0,H18/G18) -> 1 | Y18: =+SQRT($Q18)*I18 -> 211.38098 | Z18: =+SQRT($Q18)*J18 -> 126.82859 | AA18: =+SQRT($Q18)*K18 -> 42.276195 | AB18: =+SQRT($Q18)*L18 -> 169.10478 | AC18: =+SQRT($Q18)*M18 -> 84.552391 | AD18: =+SQRT($Q18)*N18 -> 84.552391 | AF18: -3.8366582e-06 | AG18: -3.6225484e-06 | AH18: 2.7988192e-06 | AI18: 1.132956e-05 | AJ18: -6.4819084e-06 | AK18: -3.4542311e-06 | AM18: =+L4-SUMPRODUCT($Q8:$Q302,L8:L302) -> 32510.331 | AN18: 0.24773091
A19: 2115 | B19: 211 | C19: 9 | D19: 253183 | E19: 105 | F19: 143 | G19: 16 | H19: 16 | I19: 2 | J19: 2 | K19: 1 | L19: 3 | M19: 2 | N19: 2 | P19: =1/V19 -> 2394.5218 | Q19: =+IF(W19=0,0,P19/W19) -> 2394.5218 | R19: =+Q19*(1+SUMPRODUCT(I19:N19,AF$22:AK$22)) -> 825.53596 | T19: =+C19*E19/D19 -> 0.0037324781 | U19: =+G19/F19 -> 0.11188811 | V19: =+T19*U19 -> 0.00041761993 | W19: =+IF(G19=0,0,H19/G19) -> 1 | Y19: =+SQRT($Q19)*I19 -> 97.867702 | Z19: =+SQRT($Q19)*J19 -> 97.867702 | AA19: =+SQRT($Q19)*K19 -> 48.933851 | AB19: =+SQRT($Q19)*L19 -> 146.80155 | AC19: =+SQRT($Q19)*M19 -> 97.867702 | AD19: =+SQRT($Q19)*N19 -> 97.867702 | AF19: -8.8573706e-06 | AG19: -3.2987306e-06 | AH19: -1.3307485e-05 | AI19: -6.4819084e-06 | AJ19: 3.8915218e-05 | AK19: 1.2962244e-06 | AM19: =+M4-SUMPRODUCT($Q8:$Q302,M8:M302) -> -2189.8433 | AN19: -0.76373931
A20: 2116 | B20: 211 | C20: 9 | D20: 253183 | E20: 119 | F20: 125 | G20: 16 | H20: 16 | I20: 2 | J20: 2 | K20: 1 | L20: 3 | M20: 1 | N20: 1 | P20: =1/V20 -> 1846.8648 | Q20: =+IF(W20=0,0,P20/W20) -> 1846.8648 | R20: =+Q20*(1+SUMPRODUCT(I20:N20,AF$22:AK$22)) -> 2579.8589 | T20: =+C20*E20/D20 -> 0.0042301418 | U20: =+G20/F20 -> 0.128 | V20: =+T20*U20 -> 0.00054145815 | W20: =+IF(G20=0,0,H20/G20) -> 1 | Y20: =+SQRT($Q20)*I20 -> 85.95033 | Z20: =+SQRT($Q20)*J20 -> 85.95033 | AA20: =+SQRT($Q20)*K20 -> 42.975165 | AB20: =+SQRT($Q20)*L20 -> 128.92549 | AC20: =+SQRT($Q20)*M20 -> 42.975165 | AD20: =+SQRT($Q20)*N20 -> 42.975165 | AF20: -2.0728081e-06 | AG20: -5.4406809e-06 | AH20: -1.2509833e-05 | AI20: -3.4542311e-06 | AJ20: 1.2962244e-06 | AK20: 2.586029e-05 | AM20: =+N4-SUMPRODUCT($Q8:$Q302,N8:N302) -> 503.26038 | AN20: -0.28838604
A21: 2117 | B21: 211 | C21: 9 | D21: 253183 | E21: 73 | F21: 67 | G21: 16 | H21: 16 | I21: 4 | J21: 2 | K21: 2 | L21: 4 | M21: 2 | N21: 2 | P21: =1/V21 -> 1613.7044 | Q21: =+IF(W21=0,0,P21/W21) -> 1613.7044 | R21: =+Q21*(1+SUMPRODUCT(I21:N21,AF$22:AK$22)) -> 2450.3916 | T21: =+C21*E21/D21 -> 0.002594961 | U21: =+G21/F21 -> 0.23880597 | V21: =+T21*U21 -> 0.00061969217 | W21: =+IF(G21=0,0,H21/G21) -> 1 | Y21: =+SQRT($Q21)*I21 -> 160.68376 | Z21: =+SQRT($Q21)*J21 -> 80.34188 | AA21: =+SQRT($Q21)*K21 -> 80.34188 | AB21: =+SQRT($Q21)*L21 -> 160.68376 | AC21: =+SQRT($Q21)*M21 -> 80.34188 | AD21: =+SQRT($Q21)*N21 -> 80.34188 | AF21: λ = T-1(tx-tw) | AM21: Quartile
A22: 2118 | B22: 211 | C22: 9 | D22: 253183 | E22: 108 | F22: 156 | G22: 16 | H22: 15 | I22: 2 | J22: 2 | K22: 2 | L22: 2 | M22: 1 | N22: 2 | P22: =1/V22 -> 2539.6443 | Q22: =+IF(W22=0,0,P22/W22) -> 2708.9539 | R22: =+Q22*(1+SUMPRODUCT(I22:N22,AF$22:AK$22)) -> 3376.6319 | T22: =+C22*E22/D22 -> 0.0038391203 | U22: =+G22/F22 -> 0.1025641 | V22: =+T22*U22 -> 0.00039375593 | W22: =+IF(G22=0,0,H22/G22) -> 0.9375 | Y22: =+SQRT($Q22)*I22 -> 104.09522 | Z22: =+SQRT($Q22)*J22 -> 104.09522 | AA22: =+SQRT($Q22)*K22 -> 104.09522 | AB22: =+SQRT($Q22)*L22 -> 104.09522 | AC22: =+SQRT($Q22)*M22 -> 52.047612 | AD22: =+SQRT($Q22)*N22 -> 104.09522 | AF22: {=+TRANSPOSE(AN15:AN20)} -> 0.27014759 | AG22: -0.11008954 | AH22: 0.38570213 | AI22: 0.24773091 | AJ22: -0.76373931 | AK22: -0.28838604 | AM22: 0 | AN22: =QUARTILE(R$8:R$216,AM22) -> 0
A23: 2119 | B23: 211 | C23: 9 | D23: 253183 | E23: 136 | F23: 162 | G23: 16 | H23: 15 | I23: 2 | J23: 2 | K23: 1 | L23: 3 | M23: 2 | N23: 2 | P23: =1/V23 -> 2094.3447 | Q23: =+IF(W23=0,0,P23/W23) -> 2233.9676 | R23: =+Q23*(1+SUMPRODUCT(I23:N23,AF$22:AK$22)) -> 770.18328 | T23: =+C23*E23/D23 -> 0.0048344478 | U23: =+G23/F23 -> 0.098765432 | V23: =+T23*U23 -> 0.00047747633 | W23: =+IF(G23=0,0,H23/G23) -> 0.9375 | Y23: =+SQRT($Q23)*I23 -> 94.529734 | Z23: =+SQRT($Q23)*J23 -> 94.529734 | AA23: =+SQRT($Q23)*K23 -> 47.264867 | AB23: =+SQRT($Q23)*L23 -> 141.7946 | AC23: =+SQRT($Q23)*M23 -> 94.529734 | AD23: =+SQRT($Q23)*N23 -> 94.529734 | AM23: 1 | AN23: =QUARTILE(R$8:R$216,AM23) -> 339.90608
A24: 1128 | B24: 112 | C24: 4 | D24: 15793 | E24: 168 | F24: 221 | G24: 16 | H24: 14 | I24: 1 | J24: 2 | K24: 2 | L24: 3 | M24: 1 | N24: 3 | P24: =1/V24 -> 324.6143 | Q24: =+IF(W24=0,0,P24/W24) -> 370.98778 | R24: =+Q24*(1+SUMPRODUCT(I24:N24,AF$22:AK$22)) -> 347.12142 | T24: =+C24*E24/D24 -> 0.042550497 | U24: =+G24/F24 -> 0.07239819 | V24: =+T24*U24 -> 0.003080579 | W24: =+IF(G24=0,0,H24/G24) -> 0.875 | Y24: =+SQRT($Q24)*I24 -> 19.261043 | Z24: =+SQRT($Q24)*J24 -> 38.522086 | AA24: =+SQRT($Q24)*K24 -> 38.522086 | AB24: =+SQRT($Q24)*L24 -> 57.783129 | AC24: =+SQRT($Q24)*M24 -> 19.261043 | AD24: =+SQRT($Q24)*N24 -> 57.783129 | AM24: 2 | AN24: =QUARTILE(R$8:R$216,AM24) -> 825.69081
A25: 1129 | B25: 112 | C25: 4 | D25: 15793 | E25: 101 | F25: 99 | G25: 16 | H25: 14 | I25: 5 | J25: 3 | K25: 1 | L25: 4 | M25: 2 | N25: 2 | P25: =1/V25 -> 241.87918 | Q25: =+IF(W25=0,0,P25/W25) -> 276.43335 | R25: =+Q25*(1+SUMPRODUCT(I25:N25,AF$22:AK$22)) -> 357.38531 | T25: =+C25*E25/D25 -> 0.025580954 | U25: =+G25/F25 -> 0.16161616 | V25: =+T25*U25 -> 0.0041342955 | W25: =+IF(G25=0,0,H25/G25) -> 0.875 | Y25: =+SQRT($Q25)*I25 -> 83.131424 | Z25: =+SQRT($Q25)*J25 -> 49.878854 | AA25: =+SQRT($Q25)*K25 -> 16.626285 | AB25: =+SQRT($Q25)*L25 -> 66.505139 | AC25: =+SQRT($Q25)*M25 -> 33.25257 | AD25: =+SQRT($Q25)*N25 -> 33.25257 | AM25: 3 | AN25: =QUARTILE(R$8:R$216,AM25) -> 1339.455
A26: 11210 | B26: 112 | C26: 4 | D26: 15793 | E26: 132 | F26: 64 | G26: 16 | H26: 14 | I26: 1 | J26: 2 | K26: 2 | L26: 3 | M26: 1 | N26: 3 | P26: =1/V26 -> 119.64394 | Q26: =+IF(W26=0,0,P26/W26) -> 136.73593 | R26: =+Q26*(1+SUMPRODUCT(I26:N26,AF$22:AK$22)) -> 127.93945 | T26: =+C26*E26/D26 -> 0.033432533 | U26: =+G26/F26 -> 0.25 | V26: =+T26*U26 -> 0.0083581334 | W26: =+IF(G26=0,0,H26/G26) -> 0.875 | Y26: =+SQRT($Q26)*I26 -> 11.693414 | Z26: =+SQRT($Q26)*J26 -> 23.386828 | AA26: =+SQRT($Q26)*K26 -> 23.386828 | AB26: =+SQRT($Q26)*L26 -> 35.080242 | AC26: =+SQRT($Q26)*M26 -> 11.693414 | AD26: =+SQRT($Q26)*N26 -> 35.080242 | AM26: 4 | AN26: =QUARTILE(R$8:R$216,AM26) -> 4192.7824
A27: 11211 | B27: 112 | C27: 4 | D27: 15793 | E27: 132 | F27: 294 | G27: 16 | H27: 14 | I27: 2 | J27: 2 | K27: 1 | L27: 3 | M27: 2 | N27: 2 | P27: =1/V27 -> 549.61435 | Q27: =+IF(W27=0,0,P27/W27) -> 628.13068 | R27: =+Q27*(1+SUMPRODUCT(I27:N27,AF$22:AK$22)) -> 216.5545 | T27: =+C27*E27/D27 -> 0.033432533 | U27: =+G27/F27 -> 0.054421769 | V27: =+T27*U27 -> 0.0018194576 | W27: =+IF(G27=0,0,H27/G27) -> 0.875 | Y27: =+SQRT($Q27)*I27 -> 50.125071 | Z27: =+SQRT($Q27)*J27 -> 50.125071 | AA27: =+SQRT($Q27)*K27 -> 25.062535 | AB27: =+SQRT($Q27)*L27 -> 75.187606 | AC27: =+SQRT($Q27)*M27 -> 50.125071 | AD27: =+SQRT($Q27)*N27 -> 50.125071 | AM27: Very large weights
A28: 21210 | B28: 212 | C28: 4 | D28: 43040 | E28: 107 | F28: 153 | G28: 16 | H28: 15 | I28: 4 | J28: 2 | K28: 1 | L28: 3 | M28: 2 | N28: 1 | P28: =1/V28 -> 961.61215 | Q28: =+IF(W28=0,0,P28/W28) -> 1025.7196 | R28: =+Q28*(1+SUMPRODUCT(I28:N28,AF$22:AK$22)) -> 1203.622 | T28: =+C28*E28/D28 -> 0.0099442379 | U28: =+G28/F28 -> 0.10457516 | V28: =+T28*U28 -> 0.0010399203 | W28: =+IF(G28=0,0,H28/G28) -> 0.9375 | Y28: =+SQRT($Q28)*I28 -> 128.10743 | Z28: =+SQRT($Q28)*J28 -> 64.053716 | AA28: =+SQRT($Q28)*K28 -> 32.026858 | AB28: =+SQRT($Q28)*L28 -> 96.080574 | AC28: =+SQRT($Q28)*M28 -> 64.053716 | AD28: =+SQRT($Q28)*N28 -> 32.026858 | AM28: Interquartile | AN28: =+AN25-AN23 -> 999.5489
A29: 21211 | B29: 212 | C29: 4 | D29: 43040 | E29: 88 | F29: 118 | G29: 16 | H29: 15 | I29: 2 | J29: 2 | K29: 2 | L29: 2 | M29: 1 | N29: 2 | P29: =1/V29 -> 901.76136 | Q29: =+IF(W29=0,0,P29/W29) -> 961.87879 | R29: =+Q29*(1+SUMPRODUCT(I29:N29,AF$22:AK$22)) -> 1198.9538 | T29: =+C29*E29/D29 -> 0.0081784387 | U29: =+G29/F29 -> 0.13559322 | V29: =+T29*U29 -> 0.0011089408 | W29: =+IF(G29=0,0,H29/G29) -> 0.9375 | Y29: =+SQRT($Q29)*I29 -> 62.028342 | Z29: =+SQRT($Q29)*J29 -> 62.028342 | AA29: =+SQRT($Q29)*K29 -> 62.028342 | AB29: =+SQRT($Q29)*L29 -> 62.028342 | AC29: =+SQRT($Q29)*M29 -> 31.014171 | AD29: =+SQRT($Q29)*N29 -> 62.028342 | AM29: Med+5*IQL | AN29: =+AN24+5*AN28 -> 5823.4353
A30: 21212 | B30: 212 | C30: 4 | D30: 43040 | E30: 145 | F30: 130 | G30: 16 | H30: 14 | I30: 5 | J30: 3 | K30: 1 | L30: 4 | M30: 2 | N30: 2 | P30: =1/V30 -> 602.93103 | Q30: =+IF(W30=0,0,P30/W30) -> 689.06404 | R30: =+Q30*(1+SUMPRODUCT(I30:N30,AF$22:AK$22)) -> 890.85259 | T30: =+C30*E30/D30 -> 0.013475836 | U30: =+G30/F30 -> 0.12307692 | V30: =+T30*U30 -> 0.0016585645 | W30: =+IF(G30=0,0,H30/G30) -> 0.875 | Y30: =+SQRT($Q30)*I30 -> 131.25015 | Z30: =+SQRT($Q30)*J30 -> 78.750088 | AA30: =+SQRT($Q30)*K30 -> 26.250029 | AB30: =+SQRT($Q30)*L30 -> 105.00012 | AC30: =+SQRT($Q30)*M30 -> 52.500059 | AD30: =+SQRT($Q30)*N30 -> 52.500059 | AM30: Number | AN30: =COUNTIF(R8:R216,">=5766") -> 0
A31: 21213 | B31: 212 | C31: 4 | D31: 43040 | E31: 35 | F31: 79 | G31: 16 | H31: 16 | I31: 4 | J31: 1 | K31: 2 | L31: 3 | M31: 2 | N31: 2 | P31: =1/V31 -> 1517.9286 | Q31: =+IF(W31=0,0,P31/W31) -> 1517.9286 | R31: =+Q31*(1+SUMPRODUCT(I31:N31,AF$22:AK$22)) -> 2096.0273 | T31: =+C31*E31/D31 -> 0.0032527881 | U31: =+G31/F31 -> 0.20253165 | V31: =+T31*U31 -> 0.00065879253 | W31: =+IF(G31=0,0,H31/G31) -> 1 | Y31: =+SQRT($Q31)*I31 -> 155.84241 | Z31: =+SQRT($Q31)*J31 -> 38.960603 | AA31: =+SQRT($Q31)*K31 -> 77.921206 | AB31: =+SQRT($Q31)*L31 -> 116.88181 | AC31: =+SQRT($Q31)*M31 -> 77.921206 | AD31: =+SQRT($Q31)*N31 -> 77.921206
A32: 11312 | B32: 113 | C32: 15 | D32: 250199 | E32: 100 | F32: 157 | G32: 16 | H32: 15 | I32: 3 | J32: 3 | K32: 1 | L32: 4 | M32: 2 | N32: 2 | P32: =1/V32 -> 1636.7185 | Q32: =+IF(W32=0,0,P32/W32) -> 1745.833 | R32: =+Q32*(1+SUMPRODUCT(I32:N32,AF$22:AK$22)) -> 1313.8253 | T32: =+C32*E32/D32 -> 0.0059952278 | U32: =+G32/F32 -> 0.10191083 | V32: =+T32*U32 -> 0.00061097863 | W32: =+IF(G32=0,0,H32/G32) -> 0.9375 | Y32: =+SQRT($Q32)*I32 -> 125.3495 | Z32: =+SQRT($Q32)*J32 -> 125.3495 | AA32: =+SQRT($Q32)*K32 -> 41.783167 | AB32: =+SQRT($Q32)*L32 -> 167.13267 | AC32: =+SQRT($Q32)*M32 -> 83.566333 | AD32: =+SQRT($Q32)*N32 -> 83.566333
A33: 11313 | B33: 113 | C33: 15 | D33: 250199 | E33: 152 | F33: 157 | G33: 16 | H33: 16 | I33: 3 | J33: 1 | K33: 3 | L33: 2 | M33: 2 | N33: 2 | P33: =1/V33 -> 1076.7885 | Q33: =+IF(W33=0,0,P33/W33) -> 1076.7885 | R33: =+Q33*(1+SUMPRODUCT(I33:N33,AF$22:AK$22)) -> 1344.5543 | T33: =+C33*E33/D33 -> 0.0091127463 | U33: =+G33/F33 -> 0.10191083 | V33: =+T33*U33 -> 0.00092868752 | W33: =+IF(G33=0,0,H33/G33) -> 1 | Y33: =+SQRT($Q33)*I33 -> 98.443365 | Z33: =+SQRT($Q33)*J33 -> 32.814455 | AA33: =+SQRT($Q33)*K33 -> 98.443365 | AB33: =+SQRT($Q33)*L33 -> 65.62891 | AC33: =+SQRT($Q33)*M33 -> 65.62891 | AD33: =+SQRT($Q33)*N33 -> 65.62891
A34: 11314 | B34: 113 | C34: 15 | D34: 250199 | E34: 160 | F34: 161 | G34: 16 | H34: 13 | I34: 4 | J34: 2 | K34: 1 | L34: 3 | M34: 2 | N34: 1 | P34: =1/V34 -> 1049.0114 | Q34: =+IF(W34=0,0,P34/W34) -> 1291.091 | R34: =+Q34*(1+SUMPRODUCT(I34:N34,AF$22:AK$22)) -> 1515.0197 | T34: =+C34*E34/D34 -> 0.0095923645 | U34: =+G34/F34 -> 0.099378882 | V34: =+T34*U34 -> 0.00095327846 | W34: =+IF(G34=0,0,H34/G34) -> 0.8125 | Y34: =+SQRT($Q34)*I34 -> 143.72702 | Z34: =+SQRT($Q34)*J34 -> 71.863509 | AA34: =+SQRT($Q34)*K34 -> 35.931755 | AB34: =+SQRT($Q34)*L34 -> 107.79526 | AC34: =+SQRT($Q34)*M34 -> 71.863509 | AD34: =+SQRT($Q34)*N34 -> 35.931755
A35: 11315 | B35: 113 | C35: 15 | D35: 250199 | E35: 142 | F35: 123 | G35: 16 | H35: 16 | I35: 4 | J35: 3 | K35: 1 | L35: 3 | M35: 2 | N35: 2 | P35: =1/V35 -> 903.00695 | Q35: =+IF(W35=0,0,P35/W35) -> 903.00695 | R35: =+Q35*(1+SUMPRODUCT(I35:N35,AF$22:AK$22)) -> 699.79961 | T35: =+C35*E35/D35 -> 0.0085132235 | U35: =+G35/F35 -> 0.1300813 | V35: =+T35*U35 -> 0.0011074112 | W35: =+IF(G35=0,0,H35/G35) -> 1 | Y35: =+SQRT($Q35)*I35 -> 120.2003 | Z35: =+SQRT($Q35)*J35 -> 90.150222 | AA35: =+SQRT($Q35)*K35 -> 30.050074 | AB35: =+SQRT($Q35)*L35 -> 90.150222 | AC35: =+SQRT($Q35)*M35 -> 60.100148 | AD35: =+SQRT($Q35)*N35 -> 60.100148
A36: 11316 | B36: 113 | C36: 15 | D36: 250199 | E36: 140 | F36: 112 | G36: 16 | H36: 16 | I36: 4 | J36: 2 | K36: 1 | L36: 3 | M36: 2 | N36: 2 | P36: =1/V36 -> 833.99667 | Q36: =+IF(W36=0,0,P36/W36) -> 833.99667 | R36: =+Q36*(1+SUMPRODUCT(I36:N36,AF$22:AK$22)) -> 738.1333 | T36: =+C36*E36/D36 -> 0.0083933189 | U36: =+G36/F36 -> 0.14285714 | V36: =+T36*U36 -> 0.0011990456 | W36: =+IF(G36=0,0,H36/G36) -> 1 | Y36: =+SQRT($Q36)*I36 -> 115.516 | Z36: =+SQRT($Q36)*J36 -> 57.758001 | AA36: =+SQRT($Q36)*K36 -> 28.879 | AB36: =+SQRT($Q36)*L36 -> 86.637001 | AC36: =+SQRT($Q36)*M36 -> 57.758001 | AD36: =+SQRT($Q36)*N36 -> 57.758001
A37: 11317 | B37: 113 | C37: 15 | D37: 250199 | E37: 174 | F37: 155 | G37: 16 | H37: 14 | I37: 3 | J37: 1 | K37: 1 | L37: 3 | M37: 2 | N37: 1 | P37: =1/V37 -> 928.66008 | Q37: =+IF(W37=0,0,P37/W37) -> 1061.3258 | R37: =+Q37*(1+SUMPRODUCT(I37:N37,AF$22:AK$22)) -> 1075.53 | T37: =+C37*E37/D37 -> 0.010431696 | U37: =+G37/F37 -> 0.10322581 | V37: =+T37*U37 -> 0.0010768203 | W37: =+IF(G37=0,0,H37/G37) -> 0.875 | Y37: =+SQRT($Q37)*I37 -> 97.733987 | Z37: =+SQRT($Q37)*J37 -> 32.577996 | AA37: =+SQRT($Q37)*K37 -> 32.577996 | AB37: =+SQRT($Q37)*L37 -> 97.733987 | AC37: =+SQRT($Q37)*M37 -> 65.155992 | AD37: =+SQRT($Q37)*N37 -> 32.577996
A38: 11318 | B38: 113 | C38: 15 | D38: 250199 | E38: 140 | F38: 115 | G38: 16 | H38: 15 | I38: 3 | J38: 1 | K38: 3 | L38: 2 | M38: 2 | N38: 2 | P38: =1/V38 -> 856.33586 | Q38: =+IF(W38=0,0,P38/W38) -> 913.42492 | R38: =+Q38*(1+SUMPRODUCT(I38:N38,AF$22:AK$22)) -> 1140.567 | T38: =+C38*E38/D38 -> 0.0083933189 | U38: =+G38/F38 -> 0.13913043 | V38: =+T38*U38 -> 0.0011677661 | W38: =+IF(G38=0,0,H38/G38) -> 0.9375 | Y38: =+SQRT($Q38)*I38 -> 90.668761 | Z38: =+SQRT($Q38)*J38 -> 30.22292 | AA38: =+SQRT($Q38)*K38 -> 90.668761 | AB38: =+SQRT($Q38)*L38 -> 60.445841 | AC38: =+SQRT($Q38)*M38 -> 60.445841 | AD38: =+SQRT($Q38)*N38 -> 60.445841
A39: 11319 | B39: 113 | C39: 15 | D39: 250199 | E39: 126 | F39: 131 | G39: 16 | H39: 14 | I39: 4 | J39: 1 | K39: 2 | L39: 3 | M39: 2 | N39: 2 | P39: =1/V39 -> 1083.8647 | Q39: =+IF(W39=0,0,P39/W39) -> 1238.7025 | R39: =+Q39*(1+SUMPRODUCT(I39:N39,AF$22:AK$22)) -> 1710.4588 | T39: =+C39*E39/D39 -> 0.007553987 | U39: =+G39/F39 -> 0.1221374 | V39: =+T39*U39 -> 0.00092262437 | W39: =+IF(G39=0,0,H39/G39) -> 0.875 | Y39: =+SQRT($Q39)*I39 -> 140.78082 | Z39: =+SQRT($Q39)*J39 -> 35.195206 | AA39: =+SQRT($Q39)*K39 -> 70.390412 | AB39: =+SQRT($Q39)*L39 -> 105.58562 | AC39: =+SQRT($Q39)*M39 -> 70.390412 | AD39: =+SQRT($Q39)*N39 -> 70.390412
A40: 11320 | B40: 113 | C40: 15 | D40: 250199 | E40: 174 | F40: 164 | G40: 16 | H40: 14 | I40: 2 | J40: 2 | K40: 2 | L40: 2 | M40: 2 | N40: 2 | P40: =1/V40 -> 982.58228 | Q40: =+IF(W40=0,0,P40/W40) -> 1122.9512 | R40: =+Q40*(1+SUMPRODUCT(I40:N40,AF$22:AK$22)) -> 542.08389 | T40: =+C40*E40/D40 -> 0.010431696 | U40: =+G40/F40 -> 0.097560976 | V40: =+T40*U40 -> 0.0010177265 | W40: =+IF(G40=0,0,H40/G40) -> 0.875 | Y40: =+SQRT($Q40)*I40 -> 67.020927 | Z40: =+SQRT($Q40)*J40 -> 67.020927 | AA40: =+SQRT($Q40)*K40 -> 67.020927 | AB40: =+SQRT($Q40)*L40 -> 67.020927 | AC40: =+SQRT($Q40)*M40 -> 67.020927 | AD40: =+SQRT($Q40)*N40 -> 67.020927
A41: 11321 | B41: 113 | C41: 15 | D41: 250199 | E41: 160 | F41: 130 | G41: 16 | H41: 14 | I41: 4 | J41: 3 | K41: 3 | L41: 4 | M41: 3 | N41: 2 | P41: =1/V41 -> 847.02786 | Q41: =+IF(W41=0,0,P41/W41) -> 968.03185 | R41: =+Q41*(1+SUMPRODUCT(I41:N41,AF$22:AK$22)) -> 997.42301 | T41: =+C41*E41/D41 -> 0.0095923645 | U41: =+G41/F41 -> 0.12307692 | V41: =+T41*U41 -> 0.0011805987 | W41: =+IF(G41=0,0,H41/G41) -> 0.875 | Y41: =+SQRT($Q41)*I41 -> 124.45284 | Z41: =+SQRT($Q41)*J41 -> 93.33963 | AA41: =+SQRT($Q41)*K41 -> 93.33963 | AB41: =+SQRT($Q41)*L41 -> 124.45284 | AC41: =+SQRT($Q41)*M41 -> 93.33963 | AD41: =+SQRT($Q41)*N41 -> 62.22642
A42: 11322 | B42: 113 | C42: 15 | D42: 250199 | E42: 162 | F42: 110 | G42: 16 | H42: 14 | I42: 4 | J42: 1 | K42: 2 | L42: 3 | M42: 2 | N42: 2 | P42: =1/V42 -> 707.86754 | Q42: =+IF(W42=0,0,P42/W42) -> 808.99148 | R42: =+Q42*(1+SUMPRODUCT(I42:N42,AF$22:AK$22)) -> 1117.0936 | T42: =+C42*E42/D42 -> 0.009712269 | U42: =+G42/F42 -> 0.14545455 | V42: =+T42*U42 -> 0.0014126937 | W42: =+IF(G42=0,0,H42/G42) -> 0.875 | Y42: =+SQRT($Q42)*I42 -> 113.7711 | Z42: =+SQRT($Q42)*J42 -> 28.442775 | AA42: =+SQRT($Q42)*K42 -> 56.885551 | AB42: =+SQRT($Q42)*L42 -> 85.328326 | AC42: =+SQRT($Q42)*M42 -> 56.885551 | AD42: =+SQRT($Q42)*N42 -> 56.885551
... A216: 231105 | B216: 231 | C216: 4 | D216: 55744 | E216: 96 | F216: 97 | G216: 16 | H216: 16 | I216: 4 | J216: 2 | K216: 1 | L216: 3 | M216: 2 | N216: 1 | P216: =1/V216 -> 880.07292 | Q216: =+IF(W216=0,0,P216/W216) -> 880.07292 | R216: =+Q216*(1+SUMPRODUCT(I216:N216,AF$22:AK$22)) -> 1032.7141 | T216: =+C216*E216/D216 -> 0.0068886338 | U216: =+G216/F216 -> 0.16494845 | V216: =+T216*U216 -> 0.0011362695 | W216: =+IF(G216=0,0,H216/G216) -> 1 | Y216: =+SQRT($Q216)*I216 -> 118.66409 | Z216: =+SQRT($Q216)*J216 -> 59.332046 | AA216: =+SQRT($Q216)*K216 -> 29.666023 | AB216: =+SQRT($Q216)*L216 -> 88.998069 | AC216: =+SQRT($Q216)*M216 -> 59.332046 | AD216: =+SQRT($Q216)*N216 -> 29.666023

Sheet Sampling Errors
A1: CALCULATION OF SAMPLING ERRORS FOR LEVELS AND RATIOS
A3: INPUT VALUES | L3: OUTPUT VALUES | S3: INTERMEDIARY CALCULATIONS | AA3: INTERMEDIARY CALCULATIONS | AI3: INTERMEDIARY CALCULATIONS | AS3: INTERMEDIARY CALCULATIONS | BA3: INTERMEDIARY CALCULATIONS | BI3: INTERMEDIARY CALCULATIONS | BQ3: INTERMEDIARY CALCULATIONS | BY3: INTERMEDIARY CALCULATIONS | CI3: INTERMEDIARY CALCULATIONS | CQ3: INTERMEDIARY CALCULATIONS | CY3: INTERMEDIARY
I4: rounding | J4: 2
A5: Identifiers | D5: Variables | P5: Confidence interval | S5: yj | AA5: yj2 | AI5: h | AJ5: mh | AK5: yh | AS5: yh^2 | BA5: sigma h | BI5: zj | BQ5: zj2 | BY5: h | BZ5: mh | CA5: zh | CI5: zh^2 | CQ5: sigma h | CY5: Generalized variance
A6: PSU code | B6: Stratum code | C6: Sampling weights | D6: Number of children 5-17 yrs | E6: Number of working children | F6: Child labour | G6: In hazardous work | H6: Agr CL | I6: Ind CL | J6: Ser CL | L6: Indicator | M6: Estimate | N6: Standard error | O6: Relative standard error | P6: Lower | Q6: Upper | S6: Number of children 5-17 yrs | T6: Number of working children | U6: Child labour | V6: In hazardous work | W6: Agr CL | X6: Ind CL | Y6: Ser CL | AA6: Number of children 5-17 yrs | AB6: Number of working children | AC6: Child labour | AD6: In hazardous work | AE6: Agr CL | AF6: Ind CL | AG6: Ser CL | AI6: Stratum | AJ6: Number of sample PSU | AK6: Number of children 5-17 yrs | AL6: Number of working children | AM6: Child labour | AN6: In hazardous work | AO6: Agr CL | AP6: Ind CL | AQ6: Ser CL | AS6: Number of children 5-17 yrs | AT6: Number of working children | AU6: Child labour | AV6: In hazardous work | AW6: Agr CL | AX6: Ind CL | AY6: Ser CL | BA6: Number of children 5-17 yrs | BB6: Number of working children | BC6: Child labour | BD6: In hazardous work | BE6: Agr CL | BF6: Ind CL | BG6: Ser CL | BI6: Number of children 5-17 yrs | BJ6: % working children | BK6: % Child labour | BL6: % CL in hazardous work | BM6: % CL in Agr | BN6: % CL in Ind | BO6: % CL in Ser | BQ6: Children 5-17 yrs | BR6: % working children | BS6: % Child labour | BT6: % CL in hazardous work | BU6: % CL in Agr | BV6: % CL in Ind | BW6: % CL in Ser | BY6: Stratum | BZ6: Number of sample PSU | CA6: Children 5-17 yrs | CB6: % working children | CC6: % Child labour | CD6: % CL in hazardous work | CE6: % CL in Agr | CF6: % CL in Ind | CG6: % CL in Ser | CI6: Children 5-17 yrs | CJ6: % working children | CK6: % Child labour | CL6: % CL in hazardous work | CM6: % CL in Agr | CN6: % CL in Ind | CO6: % CL in Ser | CQ6: Children 5-17 yrs | CR6: % working children | CS6: % Child labour | CT6: % CL in hazardous work | CU6: % CL in Agr | CV6: % CL in Ind | CW6: % CL in Ser | CY6: for levels
A7: (1) | B7: (2) | C7: (3) | D7: (4) | E7: (5) | F7: (6) | G7: (7) | H7: (8) | I7: (9) | J7: (10) | L7: (15) | M7: (16) | N7: (17) | O7: (18) | P7: (19) | Q7: (20) | S7: (22) | T7: (23) | U7: (24) | V7: (25) | W7: (26) | X7: (27) | Y7: (27) | AA7: (28) | AB7: (29) | AC7: (30) | AD7: (31) | AE7: (32) | AF7: (32) | AG7: (33) | BI7: (28) | BJ7: (23) | BK7: (24) | BL7: (25) | BM7: (26) | BN7: (27) | BO7: (27) | BQ7: (28) | BR7: (29) | BS7: (30) | BT7: (31) | BU7: (32) | BV7: (32) | BW7: (33) | CY7: σ2/x2 | CZ7: 1/x
A8: 1111 | B8: 111 | C8: =+'Sampling Weights'!R8 -> 660.26105 | D8: =+SUM('Sampling Weights'!I8:N8) -> 11 | E8: 0 | F8: 0 | G8: 0 | H8: 0 | I8: 0 | J8: 0 | L8: Number of children 5-17 yrs | M8: =ROUND(SUM(AK:AK),-$J$4) -> 2919600 | N8: =+ROUND(SQRT(SUMPRODUCT(BA:BA,BA:BA)),-$J$4) -> 119100 | O8: =+N8/M8 -> 0.040793259 | P8: =+ROUND(M8-2*N8,-$J$4) -> 2681400 | Q8: =+ROUND(M8+2*N8,-$J$4) -> 3157800 | S8: =+$C8*D8 -> 7262.8716 | T8: =+$C8*E8 -> 0 | U8: =+$C8*F8 -> 0 | V8: =+$C8*G8 -> 0 | W8: =+$C8*H8 -> 0 | X8: =+$C8*I8 -> 0 | Y8: =+$C8*J8 -> 0 | AA8: =+S8*S8 -> 52749304 | AB8: =+T8*T8 -> 0 | AC8: =+U8*U8 -> 0 | AD8: =+V8*V8 -> 0 | AE8: =+W8*W8 -> 0 | AF8: =+X8*X8 -> 0 | AG8: =+Y8*Y8 -> 0 | AI8: 111 | AJ8: =COUNTIFS(B:B,AI8,C:C,">0") -> 7 | AK8: =SUMIF($B:$B,$AI8,S:S) -> 72896.305 | AL8: =SUMIF($B:$B,$AI8,T:T) -> 10814.8 | AM8: =SUMIF($B:$B,$AI8,U:U) -> 8504.0563 | AN8: =SUMIF($B:$B,$AI8,V:V) -> 3814.2909 | AO8: =SUMIF($B:$B,$AI8,W:W) -> 6924.2066 | AP8: =SUMIF($B:$B,$AI8,X:X) -> 754.15891 | AQ8: =SUMIF($B:$B,$AI8,Y:Y) -> 825.69081 | AS8: =SUMIF($B:$B,$AI8,AA:AA) -> 8.0491661e+08 | AT8: =SUMIF($B:$B,$AI8,AB:AB) -> 32067632 | AU8: =SUMIF($B:$B,$AI8,AC:AC) -> 18385226 | AV8: =SUMIF($B:$B,$AI8,AD:AD) -> 5252917.6 | AW8: =SUMIF($B:$B,$AI8,AE:AE) -> 13496152 | AX8: =SUMIF($B:$B,$AI8,AF:AF) -> 568755.66 | AY8: =SUMIF($B:$B,$AI8,AG:AG) -> 681765.31 | BA8: =IF($AJ8=1,0,$AJ8*SQRT((AS8/$AJ8-(AK8/$AJ8)^2)/($AJ8-1))) -> 7309.1842 | BB8: =IF($AJ8=1,0,$AJ8*SQRT((AT8/$AJ8-(AL8/$AJ8)^2)/($AJ8-1))) -> 4233.0745 | BC8: =IF($AJ8=1,0,$AJ8*SQRT((AU8/$AJ8-(AM8/$AJ8)^2)/($AJ8-1))) -> 3065.3334 | BD8: =IF($AJ8=1,0,$AJ8*SQRT((AV8/$AJ8-(AN8/$AJ8)^2)/($AJ8-1))) -> 1924.4743 | BE8: =IF($AJ8=1,0,$AJ8*SQRT((AW8/$AJ8-(AO8/$AJ8)^2)/($AJ8-1))) -> 2784.7331 | BF8: =IF($AJ8=1,0,$AJ8*SQRT((AX8/$AJ8-(AP8/$AJ8)^2)/($AJ8-1))) -> 754.15891 | BG8: =IF($AJ8=1,0,$AJ8*SQRT((AY8/$AJ8-(AQ8/$AJ8)^2)/($AJ8-1))) -> 825.69081 | BJ8: =+(T8-$M$16*S8)/$M$8 -> -0.00050142747 | BK8: =+(U8-$M$17*S8)/$M$8 -> -0.0003345974 | BL8: =+(V8-$M$21*$U8)/$M$10 -> 0 | BM8: =+(W8-$M$18*$U8)/$M$10 -> 0 | BN8: =+(X8-$M$19*$U8)/$M$10 -> 0 | BO8: =+(Y8-$M$20*$U8)/$M$10 -> 0 | BR8: =+BJ8*BJ8 -> 2.5142951e-07 | BS8: =+BK8*BK8 -> 1.1195542e-07 | BT8: =+BL8*BL8 -> 0 | BU8: =+BM8*BM8 -> 0 | BV8: =+BN8*BN8 -> 0 | BW8: =+BO8*BO8 -> 0 | BY8: =+AI8 -> 111 | BZ8: =+AJ8 -> 7 | CB8: =SUMIF($B:$B,$BY8,BJ:BJ) -> -0.0013285429 | CC8: =SUMIF($B:$B,$BY8,BK:BK) -> -0.00044555462 | CD8: =SUMIF($B:$B,$BY8,BL:BL) -> 0.0033878842 | CE8: =SUMIF($B:$B,$BY8,BM:BM) -> 0.0046732852 | CF8: =SUMIF($B:$B,$BY8,BN:BN) -> 0.0013248819 | CG8: =SUMIF($B:$B,$BY8,BO:BO) -> -0.0059926527 | CJ8: =SUMIF($B:$B,$BY8,BR:BR) -> 1.8870315e-06 | CK8: =SUMIF($B:$B,$BY8,BS:BS) -> 9.5598809e-07 | CL8: =SUMIF($B:$B,$BY8,BT:BT) -> 1.1154606e-05 | CM8: =SUMIF($B:$B,$BY8,BU:BU) -> 1.1347227e-05 | CN8: =SUMIF($B:$B,$BY8,BV:BV) -> 3.1697023e-06 | CO8: =SUMIF($B:$B,$BY8,BW:BW) -> 1.447046e-05 | CR8: =IF($BZ8=1,0,$BZ8*SQRT((CJ8/$BZ8-(CB8/$BZ8)^2)/($BZ8-1))) -> 0.0013810741 | CS8: =IF($BZ8=1,0,$BZ8*SQRT((CK8/$BZ8-(CC8/$BZ8)^2)/($BZ8-1))) -> 0.0010403043 | CT8: =IF($BZ8=1,0,$BZ8*SQRT((CL8/$BZ8-(CD8/$BZ8)^2)/($BZ8-1))) -> 0.0033317784 | CU8: =IF($BZ8=1,0,$BZ8*SQRT((CM8/$BZ8-(CE8/$BZ8)^2)/($BZ8-1))) -> 0.0030981444 | CV8: =IF($BZ8=1,0,$BZ8*SQRT((CN8/$BZ8-(CF8/$BZ8)^2)/($BZ8-1))) -> 0.0018453818 | CW8: =IF($BZ8=1,0,$BZ8*SQRT((CO8/$BZ8-(CG8/$BZ8)^2)/($BZ8-1))) -> 0.0033010437 | CY8: =+N8^2/(M8^2) -> 0.00166409 | CZ8: =1/M8 -> 3.4251267e-07
A9: 1112 | B9: 111 | C9: =+'Sampling Weights'!R9 -> 1054.1654 | D9: =+SUM('Sampling Weights'!I9:N9) -> 13 | E9: 0 | F9: 0 | G9: 0 | H9: 0 | I9: 0 | J9: 0 | L9: Number of working children | M9: =+ROUND(SUM(AL:AL),-$J$4) -> 588500 | N9: =+ROUND(SQRT(SUMPRODUCT(BB:BB,BB:BB)),-$J$4) -> 41100 | O9: =+N9/M9 -> 0.069838573 | P9: =+ROUND(M9-2*N9,-$J$4) -> 506300 | Q9: =+ROUND(M9+2*N9,-$J$4) -> 670700 | S9: =+$C9*D9 -> 13704.15 | T9: =+$C9*E9 -> 0 | U9: =+$C9*F9 -> 0 | V9: =+$C9*G9 -> 0 | W9: =+$C9*H9 -> 0 | X9: =+$C9*I9 -> 0 | Y9: =+$C9*J9 -> 0 | AA9: =+S9*S9 -> 1.8780373e+08 | AB9: =+T9*T9 -> 0 | AC9: =+U9*U9 -> 0 | AD9: =+V9*V9 -> 0 | AE9: =+W9*W9 -> 0 | AF9: =+X9*X9 -> 0 | AG9: =+Y9*Y9 -> 0 | AI9: 112 | AJ9: =COUNTIFS(B:B,AI9,C:C,">0") -> 4 | AK9: =SUMIF($B:$B,$AI9,S:S) -> 14374.935 | AL9: =SUMIF($B:$B,$AI9,T:T) -> 2225.9408 | AM9: =SUMIF($B:$B,$AI9,U:U) -> 1304.8796 | AN9: =SUMIF($B:$B,$AI9,V:V) -> 127.93945 | AO9: =SUMIF($B:$B,$AI9,W:W) -> 600.37284 | AP9: =SUMIF($B:$B,$AI9,X:X) -> 0 | AQ9: =SUMIF($B:$B,$AI9,Y:Y) -> 704.50673 | AS9: =SUMIF($B:$B,$AI9,AA:AA) -> 63373410 | AT9: =SUMIF($B:$B,$AI9,AB:AB) -> 1327770.1 | AU9: =SUMIF($B:$B,$AI9,AC:AC) -> 442429.9 | AV9: =SUMIF($B:$B,$AI9,AD:AD) -> 16368.502 | AW9: =SUMIF($B:$B,$AI9,AE:AE) -> 194212.37 | AX9: =SUMIF($B:$B,$AI9,AF:AF) -> 0 | AY9: =SUMIF($B:$B,$AI9,AG:AG) -> 248217.54 | BA9: =IF($AJ9=1,0,$AJ9*SQRT((AS9/$AJ9-(AK9/$AJ9)^2)/($AJ9-1))) -> 3951.9992 | BB9: =IF($AJ9=1,0,$AJ9*SQRT((AT9/$AJ9-(AL9/$AJ9)^2)/($AJ9-1))) -> 344.60987 | BC9: =IF($AJ9=1,0,$AJ9*SQRT((AU9/$AJ9-(AM9/$AJ9)^2)/($AJ9-1))) -> 149.45338 | BD9: =IF($AJ9=1,0,$AJ9*SQRT((AV9/$AJ9-(AN9/$AJ9)^2)/($AJ9-1))) -> 127.93945 | BE9: =IF($AJ9=1,0,$AJ9*SQRT((AW9/$AJ9-(AO9/$AJ9)^2)/($AJ9-1))) -> 372.55958 | BF9: =IF($AJ9=1,0,$AJ9*SQRT((AX9/$AJ9-(AP9/$AJ9)^2)/($AJ9-1))) -> 0 | BG9: =IF($AJ9=1,0,$AJ9*SQRT((AY9/$AJ9-(AQ9/$AJ9)^2)/($AJ9-1))) -> 406.83347 | BJ9: =+(T9-$M$16*S9)/$M$8 -> -0.00094613228 | BK9: =+(U9-$M$17*S9)/$M$8 -> -0.00063134435 | BL9: =+(V9-$M$21*$U9)/$M$10 -> 0 | BM9: =+(W9-$M$18*$U9)/$M$10 -> 0 | BN9: =+(X9-$M$19*$U9)/$M$10 -> 0 | BO9: =+(Y9-$M$20*$U9)/$M$10 -> 0 | BR9: =+BJ9*BJ9 -> 8.951663e-07 | BS9: =+BK9*BK9 -> 3.9859568e-07 | BT9: =+BL9*BL9 -> 0 | BU9: =+BM9*BM9 -> 0 | BV9: =+BN9*BN9 -> 0 | BW9: =+BO9*BO9 -> 0 | BY9: =+AI9 -> 112 | BZ9: =+AJ9 -> 4 | CB9: =SUMIF($B:$B,$BY9,BJ:BJ) -> -0.00023003021 | CC9: =SUMIF($B:$B,$BY9,BK:BK) -> -0.00021530932 | CD9: =SUMIF($B:$B,$BY9,BL:BL) -> -0.00064474252 | CE9: =SUMIF($B:$B,$BY9,BM:BM) -> -0.000459625 | CF9: =SUMIF($B:$B,$BY9,BN:BN) -> -9.1384467e-05 | CG9: =SUMIF($B:$B,$BY9,BO:BO) -> 0.00055185562 | CJ9: =SUMIF($B:$B,$BY9,BR:BR) -> 3.4591329e-08 | CK9: =SUMIF($B:$B,$BY9,BS:BS) -> 3.5895847e-08 | CL9: =SUMIF($B:$B,$BY9,BT:BT) -> 1.6488282e-07 | CM9: =SUMIF($B:$B,$BY9,BU:BU) -> 7.7949461e-07 | CN9: =SUMIF($B:$B,$BY9,BV:BV) -> 2.1699433e-09 | CO9: =SUMIF($B:$B,$BY9,BW:BW) -> 8.0710018e-07 | CR9: =IF($BZ9=1,0,$BZ9*SQRT((CJ9/$BZ9-(CB9/$BZ9)^2)/($BZ9-1))) -> 0.00016877146 | CS9: =IF($BZ9=1,0,$BZ9*SQRT((CK9/$BZ9-(CC9/$BZ9)^2)/($BZ9-1))) -> 0.00018002341 | CT9: =IF($BZ9=1,0,$BZ9*SQRT((CL9/$BZ9-(CD9/$BZ9)^2)/($BZ9-1))) -> 0.0002850955 | CU9: =IF($BZ9=1,0,$BZ9*SQRT((CM9/$BZ9-(CE9/$BZ9)^2)/($BZ9-1))) -> 0.00098433112 | CV9: =IF($BZ9=1,0,$BZ9*SQRT((CN9/$BZ9-(CF9/$BZ9)^2)/($BZ9-1))) -> 1.046665e-05 | CW9: =IF($BZ9=1,0,$BZ9*SQRT((CO9/$BZ9-(CG9/$BZ9)^2)/($BZ9-1))) -> 0.00098722779 | CY9: =+N9^2/(M9^2) -> 0.0048774262 | CZ9: =1/M9 -> 1.6992353e-06
A10: 1113 | B10: 111 | C10: =+'Sampling Weights'!R10 -> 780.67792 | D10: =+SUM('Sampling Weights'!I10:N10) -> 17 | E10: 5 | F10: 3 | G10: 2 | H10: 3 | I10: 0 | J10: 0 | L10: Child labour | M10: =+ROUND(SUM(AM:AM),-$J$4) -> 392700 | N10: =+ROUND(SQRT(SUMPRODUCT(BC:BC,BC:BC)),-$J$4) -> 26500 | O10: =+N10/M10 -> 0.067481538 | P10: =+ROUND(M10-2*N10,-$J$4) -> 339700 | Q10: =+ROUND(M10+2*N10,-$J$4) -> 445700 | S10: =+$C10*D10 -> 13271.525 | T10: =+$C10*E10 -> 3903.3896 | U10: =+$C10*F10 -> 2342.0338 | V10: =+$C10*G10 -> 1561.3558 | W10: =+$C10*H10 -> 2342.0338 | X10: =+$C10*I10 -> 0 | Y10: =+$C10*J10 -> 0 | AA10: =+S10*S10 -> 1.7613337e+08 | AB10: =+T10*T10 -> 15236450 | AC10: =+U10*U10 -> 5485122.2 | AD10: =+V10*V10 -> 2437832.1 | AE10: =+W10*W10 -> 5485122.2 | AF10: =+X10*X10 -> 0 | AG10: =+Y10*Y10 -> 0 | AI10: 113 | AJ10: =COUNTIFS(B:B,AI10,C:C,">0") -> 15 | AK10: =SUMIF($B:$B,$AI10,S:S) -> 247697.78 | AL10: =SUMIF($B:$B,$AI10,T:T) -> 53132.136 | AM10: =SUMIF($B:$B,$AI10,U:U) -> 26014.542 | AN10: =SUMIF($B:$B,$AI10,V:V) -> 6824.3232 | AO10: =SUMIF($B:$B,$AI10,W:W) -> 16238.692 | AP10: =SUMIF($B:$B,$AI10,X:X) -> 542.08389 | AQ10: =SUMIF($B:$B,$AI10,Y:Y) -> 9233.7663 | AS10: =SUMIF($B:$B,$AI10,AA:AA) -> 4.5721864e+09 | AT10: =SUMIF($B:$B,$AI10,AB:AB) -> 2.9991214e+08 | AU10: =SUMIF($B:$B,$AI10,AC:AC) -> 58321151 | AV10: =SUMIF($B:$B,$AI10,AD:AD) -> 6849633.3 | AW10: =SUMIF($B:$B,$AI10,AE:AE) -> 36334921 | AX10: =SUMIF($B:$B,$AI10,AF:AF) -> 293854.95 | AY10: =SUMIF($B:$B,$AI10,AG:AG) -> 13807915 | BA10: =IF($AJ10=1,0,$AJ10*SQRT((AS10/$AJ10-(AK10/$AJ10)^2)/($AJ10-1))) -> 22722.874 | BB10: =IF($AJ10=1,0,$AJ10*SQRT((AT10/$AJ10-(AL10/$AJ10)^2)/($AJ10-1))) -> 10940.287 | BC10: =IF($AJ10=1,0,$AJ10*SQRT((AU10/$AJ10-(AM10/$AJ10)^2)/($AJ10-1))) -> 3761.2768 | BD10: =IF($AJ10=1,0,$AJ10*SQRT((AV10/$AJ10-(AN10/$AJ10)^2)/($AJ10-1))) -> 2003.0889 | BE10: =IF($AJ10=1,0,$AJ10*SQRT((AW10/$AJ10-(AO10/$AJ10)^2)/($AJ10-1))) -> 4482.7343 | BF10: =IF($AJ10=1,0,$AJ10*SQRT((AX10/$AJ10-(AP10/$AJ10)^2)/($AJ10-1))) -> 542.08389 | BG10: =IF($AJ10=1,0,$AJ10*SQRT((AY10/$AJ10-(AQ10/$AJ10)^2)/($AJ10-1))) -> 2950.2576 | BJ10: =+(T10-$M$16*S10)/$M$8 -> 0.00042069651 | BK10: =+(U10-$M$17*S10)/$M$8 -> 0.00019076276 | BL10: =+(V10-$M$21*$U10)/$M$10 -> 0.0022340044 | BM10: =+(W10-$M$18*$U10)/$M$10 -> 0.0023949864 | BN10: =+(X10-$M$19*$U10)/$M$10 -> -0.00016401936 | BO10: =+(Y10-$M$20*$U10)/$M$10 -> -0.0022294483 | BR10: =+BJ10*BJ10 -> 1.7698555e-07 | BS10: =+BK10*BK10 -> 3.6390432e-08 | BT10: =+BL10*BL10 -> 4.9907756e-06 | BU10: =+BM10*BM10 -> 5.7359596e-06 | BV10: =+BN10*BN10 -> 2.690235e-08 | BW10: =+BO10*BO10 -> 4.9704397e-06 | BY10: =+AI10 -> 113 | BZ10: =+AJ10 -> 15 | CB10: =SUMIF($B:$B,$BY10,BJ:BJ) -> 0.0010974159 | CC10: =SUMIF($B:$B,$BY10,BK:BK) -> -0.0025010205 | CD10: =SUMIF($B:$B,$BY10,BL:BL) -> -0.0019710123 | CE10: =SUMIF($B:$B,$BY10,BM:BM) -> 0.0017087826 | CF10: =SUMIF($B:$B,$BY10,BN:BN) -> -0.00044147111 | CG10: =SUMIF($B:$B,$BY10,BO:BO) -> -0.0012504423 | CJ10: =SUMIF($B:$B,$BY10,BR:BR) -> 1.1126695e-05 | CK10: =SUMIF($B:$B,$BY10,BS:BS) -> 2.2557343e-06 | CL10: =SUMIF($B:$B,$BY10,BT:BT) -> 1.7996144e-05 | CM10: =SUMIF($B:$B,$BY10,BU:BU) -> 5.8456608e-05 | CN10: =SUMIF($B:$B,$BY10,BV:BV) -> 2.0867417e-06 | CO10: =SUMIF($B:$B,$BY10,BW:BW) -> 5.633168e-05 | CR10: =IF($BZ10=1,0,$BZ10*SQRT((CJ10/$BZ10-(CB10/$BZ10)^2)/($BZ10-1))) -> 0.0034402669 | CS10: =IF($BZ10=1,0,$BZ10*SQRT((CK10/$BZ10-(CC10/$BZ10)^2)/($BZ10-1))) -> 0.0014035901 | CT10: =IF($BZ10=1,0,$BZ10*SQRT((CL10/$BZ10-(CD10/$BZ10)^2)/($BZ10-1))) -> 0.0043593682 | CU10: =IF($BZ10=1,0,$BZ10*SQRT((CM10/$BZ10-(CE10/$BZ10)^2)/($BZ10-1))) -> 0.0079008552 | CV10: =IF($BZ10=1,0,$BZ10*SQRT((CN10/$BZ10-(CF10/$BZ10)^2)/($BZ10-1))) -> 0.001490595 | CW10: =IF($BZ10=1,0,$BZ10*SQRT((CO10/$BZ10-(CG10/$BZ10)^2)/($BZ10-1))) -> 0.0077616805 | CY10: =+N10^2/(M10^2) -> 0.004553758 | CZ10: =1/M10 -> 2.5464731e-06
